INSERT INTO league (country, league_name) VALUES ('Hiszpania', 'La Liga');
INSERT INTO league (country, league_name) VALUES ('Anglia', 'Premier League');
INSERT INTO league (country, league_name) VALUES ('Niemcy', 'Bundesliga');
INSERT INTO league (country, league_name) VALUES ('Włochy', 'Serie A');
INSERT INTO league (country, league_name) VALUES ('Francja', 'Ligue 1');
INSERT INTO league (country, league_name) VALUES ('Portugalia', 'Primeira Liga');
INSERT INTO league (country, league_name) VALUES ('Holandia', 'Eredivisie');
INSERT INTO league (country, league_name) VALUES ('Belgia', 'Jupiler League');
INSERT INTO league (country, league_name) VALUES ('Grecja', 'Super League');
INSERT INTO league (country, league_name) VALUES ('Polska', 'LOTTO Ekstraklasa');

INSERT INTO team (country, club_name,league_id) VALUES ('Hiszpania', 'Alavés', 1);
INSERT INTO team (country, club_name,league_id) VALUES ('Hiszpania', 'Athletic Bilbao', 1);
INSERT INTO team (country, club_name,league_id) VALUES ('Hiszpania', 'Atlético Madrid', 1);
INSERT INTO team (country, club_name,league_id) VALUES ('Hiszpania', 'Barcelona', 1);
INSERT INTO team (country, club_name,league_id) VALUES ('Hiszpania', 'Celta Vigo', 1);
INSERT INTO team (country, club_name,league_id) VALUES ('Hiszpania', 'Eibar', 1);
INSERT INTO team (country, club_name,league_id) VALUES ('Hiszpania', 'Espanyol', 1);
INSERT INTO team (country, club_name,league_id) VALUES ('Hiszpania', 'Getafe', 1);
INSERT INTO team (country, club_name,league_id) VALUES ('Hiszpania', 'Girona', 1);
INSERT INTO team (country, club_name,league_id) VALUES ('Hiszpania', 'Huesca', 1);
INSERT INTO team (country, club_name,league_id) VALUES ('Hiszpania', 'Leganés', 1);
INSERT INTO team (country, club_name,league_id) VALUES ('Hiszpania', 'Levante', 1);
INSERT INTO team (country, club_name,league_id) VALUES ('Hiszpania', 'Rayo Vallecano', 1);
INSERT INTO team (country, club_name,league_id) VALUES ('Hiszpania', 'Real Betis', 1);
INSERT INTO team (country, club_name,league_id) VALUES ('Hiszpania', 'Real Madrid', 1);
INSERT INTO team (country, club_name,league_id) VALUES ('Hiszpania', 'Real Sociedad', 1);
INSERT INTO team (country, club_name,league_id) VALUES ('Hiszpania', 'Sevilla', 1);
INSERT INTO team (country, club_name,league_id) VALUES ('Hiszpania', 'Valencia', 1);
INSERT INTO team (country, club_name,league_id) VALUES ('Hiszpania', 'Valladolid', 1);
INSERT INTO team (country, club_name,league_id) VALUES ('Hiszpania', 'Villarreal CF', 1);

INSERT INTO team (country, club_name,league_id) VALUES ('Anglia', 'Manchester City', 2);
INSERT INTO team (country, club_name,league_id) VALUES ('Anglia', 'Manchester United', 2);
INSERT INTO team (country, club_name,league_id) VALUES ('Anglia', 'Tottenham Hotspur', 2);
INSERT INTO team (country, club_name,league_id) VALUES ('Anglia', 'Liverpool FC', 2);
INSERT INTO team (country, club_name,league_id) VALUES ('Anglia', 'Chelsea', 2);
INSERT INTO team (country, club_name,league_id) VALUES ('Anglia', 'Burnley', 2);
INSERT INTO team (country, club_name,league_id) VALUES ('Anglia', 'Everton', 2);
INSERT INTO team (country, club_name,league_id) VALUES ('Anglia', 'Leicester City', 2);
INSERT INTO team (country, club_name,league_id) VALUES ('Anglia', 'Newcastle United', 2);
INSERT INTO team (country, club_name,league_id) VALUES ('Anglia', 'Crystal Palace', 2);
INSERT INTO team (country, club_name,league_id) VALUES ('Anglia', 'Bournemouth', 2);
INSERT INTO team (country, club_name,league_id) VALUES ('Anglia', 'West Ham United', 2);
INSERT INTO team (country, club_name,league_id) VALUES ('Anglia', 'Watford', 2);
INSERT INTO team (country, club_name,league_id) VALUES ('Anglia', 'Brighton & Hove Albion', 2);
INSERT INTO team (country, club_name,league_id) VALUES ('Anglia', 'Huddersfield Town', 2);
INSERT INTO team (country, club_name,league_id) VALUES ('Anglia', 'Southampton', 2);
INSERT INTO team (country, club_name,league_id) VALUES ('Anglia', 'Wolverhampton Wanderers', 2);
INSERT INTO team (country, club_name,league_id) VALUES ('Anglia', 'Cardiff City', 2);
INSERT INTO team (country, club_name,league_id) VALUES ('Anglia', 'Fulham', 2);
INSERT INTO team (country, club_name,league_id) VALUES ('Anglia', 'Arsenal', 2);

INSERT INTO team (country, club_name, league_id) VALUES ('Niemcy', 'FC Augsburg', 3);
INSERT INTO team (country, club_name, league_id) VALUES ('Niemcy', 'Hertha BSC', 3);
INSERT INTO team (country, club_name, league_id) VALUES ('Niemcy', 'Werder Bremen', 3);
INSERT INTO team (country, club_name, league_id) VALUES ('Niemcy', 'Borussia Dortmund', 3);
INSERT INTO team (country, club_name, league_id) VALUES ('Niemcy', 'Fortuna Düsseldorf', 3);
INSERT INTO team (country, club_name, league_id) VALUES ('Niemcy', 'Eintracht Frankfurt', 3);
INSERT INTO team (country, club_name, league_id) VALUES ('Niemcy', 'SC Freiburg', 3);
INSERT INTO team (country, club_name, league_id) VALUES ('Niemcy', 'Hannover 96', 3);
INSERT INTO team (country, club_name, league_id) VALUES ('Niemcy', '1899 Hoffenheim', 3);
INSERT INTO team (country, club_name, league_id) VALUES ('Niemcy', 'RB Leipzig', 3);
INSERT INTO team (country, club_name, league_id) VALUES ('Niemcy', 'Bayer Leverkusen', 3);
INSERT INTO team (country, club_name, league_id) VALUES ('Niemcy', 'Mainz 05', 3);
INSERT INTO team (country, club_name, league_id) VALUES ('Niemcy', 'Borussia Mönchengladbach', 3);
INSERT INTO team (country, club_name, league_id) VALUES ('Niemcy', 'Bayern Munich', 3);
INSERT INTO team (country, club_name, league_id) VALUES ('Niemcy', '1. FC Nürnberg', 3);
INSERT INTO team (country, club_name, league_id) VALUES ('Niemcy', 'Schalke 04', 3);
INSERT INTO team (country, club_name, league_id) VALUES ('Niemcy', 'VfB Stuttgart', 3);
INSERT INTO team (country, club_name, league_id) VALUES ('Niemcy', 'VfL Wolfsburg', 3);

INSERT INTO team (country, club_name, league_id) VALUES ('Włochy', 'Juventus FC', 4);
INSERT INTO team (country, club_name, league_id) VALUES ('Włochy', 'SSC Napoli', 4);
INSERT INTO team (country, club_name, league_id) VALUES ('Włochy', 'AS Roma', 4);
INSERT INTO team (country, club_name, league_id) VALUES ('Włochy', 'Inter Mediolan', 4);
INSERT INTO team (country, club_name, league_id) VALUES ('Włochy', 'SS Lazio', 4);
INSERT INTO team (country, club_name, league_id) VALUES ('Włochy', 'AC Milan', 4);
INSERT INTO team (country, club_name, league_id) VALUES ('Włochy', 'Atalanta BC', 4);
INSERT INTO team (country, club_name, league_id) VALUES ('Włochy', 'ACF Fiorentina', 4);
INSERT INTO team (country, club_name, league_id) VALUES ('Włochy', 'Torino FC', 4);
INSERT INTO team (country, club_name, league_id) VALUES ('Włochy', 'UC Sampdoria', 4);
INSERT INTO team (country, club_name, league_id) VALUES ('Włochy', 'US Sassuolo', 4);
INSERT INTO team (country, club_name, league_id) VALUES ('Włochy', 'Genoa CFC', 4);
INSERT INTO team (country, club_name, league_id) VALUES ('Włochy', 'Chievo Verona', 4);
INSERT INTO team (country, club_name, league_id) VALUES ('Włochy', 'Udinese Calcio', 4);
INSERT INTO team (country, club_name, league_id) VALUES ('Włochy', 'Bologna FC', 4);
INSERT INTO team (country, club_name, league_id) VALUES ('Włochy', 'Cagliari Calcio', 4);
INSERT INTO team (country, club_name, league_id) VALUES ('Włochy', 'SPAL', 4);
INSERT INTO team (country, club_name, league_id) VALUES ('Włochy', 'Empoli FC', 4);
INSERT INTO team (country, club_name, league_id) VALUES ('Włochy', 'Parma FC', 4);
INSERT INTO team (country, club_name, league_id) VALUES ('Włochy', 'Frosinone', 4);

INSERT INTO team (country, club_name, league_id) VALUES ('Francja', 'Paris Saint-Germain', 5);
INSERT INTO team (country, club_name, league_id) VALUES ('Francja', 'AS Monaco', 5);
INSERT INTO team (country, club_name, league_id) VALUES ('Francja', 'Olympique Lyon', 5);
INSERT INTO team (country, club_name, league_id) VALUES ('Francja', 'Olympique Marsylia', 5);
INSERT INTO team (country, club_name, league_id) VALUES ('Francja', 'Stade Rennes', 5);
INSERT INTO team (country, club_name, league_id) VALUES ('Francja', 'Girondins Bordeaux', 5);
INSERT INTO team (country, club_name, league_id) VALUES ('Francja', 'AS Saint-Étienne', 5);
INSERT INTO team (country, club_name, league_id) VALUES ('Francja', 'OGC Nice', 5);
INSERT INTO team (country, club_name, league_id) VALUES ('Francja', 'FC Nantes', 5);
INSERT INTO team (country, club_name, league_id) VALUES ('Francja', 'Montpellier HSC', 5);
INSERT INTO team (country, club_name, league_id) VALUES ('Francja', 'Dijon FCO', 5);
INSERT INTO team (country, club_name, league_id) VALUES ('Francja', 'EA Guingamp', 5);
INSERT INTO team (country, club_name, league_id) VALUES ('Francja', 'Amiens SC', 5);
INSERT INTO team (country, club_name, league_id) VALUES ('Francja', 'Angers SCO', 5);
INSERT INTO team (country, club_name, league_id) VALUES ('Francja', 'RC Strasbourg', 5);
INSERT INTO team (country, club_name, league_id) VALUES ('Francja', 'SM Caen', 5);
INSERT INTO team (country, club_name, league_id) VALUES ('Francja', 'Lille OSC', 5);
INSERT INTO team (country, club_name, league_id) VALUES ('Francja', 'Toulouse FC', 5);
INSERT INTO team (country, club_name, league_id) VALUES ('Francja', 'Stade de Reims', 5);
INSERT INTO team (country, club_name, league_id) VALUES ('Francja', 'Nîmes Olympique', 5);

INSERT INTO team (country, club_name, league_id) VALUES ('Portugalia', 'Belenenses SAD', 6);
INSERT INTO team (country, club_name, league_id) VALUES ('Portugalia', 'Benfica', 6);
INSERT INTO team (country, club_name, league_id) VALUES ('Portugalia', 'Boavista', 6);
INSERT INTO team (country, club_name, league_id) VALUES ('Portugalia', 'Braga', 6);
INSERT INTO team (country, club_name, league_id) VALUES ('Portugalia', 'Chaves', 6);
INSERT INTO team (country, club_name, league_id) VALUES ('Portugalia', 'Desportivo das Aves', 6);
INSERT INTO team (country, club_name, league_id) VALUES ('Portugalia', 'Feirense', 6);
INSERT INTO team (country, club_name, league_id) VALUES ('Portugalia', 'Marítimo', 6);
INSERT INTO team (country, club_name, league_id) VALUES ('Portugalia', 'Moreirense', 6);
INSERT INTO team (country, club_name, league_id) VALUES ('Portugalia', 'Nacional', 6);
INSERT INTO team (country, club_name, league_id) VALUES ('Portugalia', 'Portimonense', 6);
INSERT INTO team (country, club_name, league_id) VALUES ('Portugalia', 'Porto', 6);
INSERT INTO team (country, club_name, league_id) VALUES ('Portugalia', 'Rio Ave', 6);
INSERT INTO team (country, club_name, league_id) VALUES ('Portugalia', 'Santa Clara', 6);
INSERT INTO team (country, club_name, league_id) VALUES ('Portugalia', 'Sporting CP', 6);
INSERT INTO team (country, club_name, league_id) VALUES ('Portugalia', 'Tondela', 6);
INSERT INTO team (country, club_name, league_id) VALUES ('Portugalia', 'Vitória de Guimarães', 6);
INSERT INTO team (country, club_name, league_id) VALUES ('Portugalia', 'Vitória de Setúbal', 6);

INSERT INTO team (country, club_name, league_id) VALUES ('Holandia', 'PSV Eindhoven', 7);
INSERT INTO team (country, club_name, league_id) VALUES ('Holandia', 'Ajax', 7);
INSERT INTO team (country, club_name, league_id) VALUES ('Holandia', 'AZ Alkmaar', 7);
INSERT INTO team (country, club_name, league_id) VALUES ('Holandia', 'Feyenoord', 7);
INSERT INTO team (country, club_name, league_id) VALUES ('Holandia', 'Utrecht', 7);
INSERT INTO team (country, club_name, league_id) VALUES ('Holandia', 'Vitesse', 7);
INSERT INTO team (country, club_name, league_id) VALUES ('Holandia', 'ADO Den Haag', 7);
INSERT INTO team (country, club_name, league_id) VALUES ('Holandia', 'Heerenveen', 7);
INSERT INTO team (country, club_name, league_id) VALUES ('Holandia', 'PEC Zwolle', 7);
INSERT INTO team (country, club_name, league_id) VALUES ('Holandia', 'Heracles', 7);
INSERT INTO team (country, club_name, league_id) VALUES ('Holandia', 'Excelsior', 7);
INSERT INTO team (country, club_name, league_id) VALUES ('Holandia', 'Groningen', 7);
INSERT INTO team (country, club_name, league_id) VALUES ('Holandia', 'Willem II', 7);
INSERT INTO team (country, club_name, league_id) VALUES ('Holandia', 'NAC Breda', 7);
INSERT INTO team (country, club_name, league_id) VALUES ('Holandia', 'VVV-Venlo', 7);
INSERT INTO team (country, club_name, league_id) VALUES ('Holandia', 'Fortuna Sittard', 7);
INSERT INTO team (country, club_name, league_id) VALUES ('Holandia', 'De Graafschap', 7);
INSERT INTO team (country, club_name, league_id) VALUES ('Holandia', 'Emmen', 7);

INSERT INTO team (country, club_name, league_id) VALUES ('Belgia', 'Club Brugge', 8);
INSERT INTO team (country, club_name, league_id) VALUES ('Belgia', 'Standard Liège', 8);
INSERT INTO team (country, club_name, league_id) VALUES ('Belgia', 'RSC Anderlecht', 8);
INSERT INTO team (country, club_name, league_id) VALUES ('Belgia', 'KAA Gent', 8);
INSERT INTO team (country, club_name, league_id) VALUES ('Belgia', 'KRC Genk', 8);
INSERT INTO team (country, club_name, league_id) VALUES ('Belgia', 'Charleroi', 8);
INSERT INTO team (country, club_name, league_id) VALUES ('Belgia', 'Kortrijk', 8);
INSERT INTO team (country, club_name, league_id) VALUES ('Belgia', 'Royal Antwerp', 8);
INSERT INTO team (country, club_name, league_id) VALUES ('Belgia', 'SV Zulte Waregem', 8);
INSERT INTO team (country, club_name, league_id) VALUES ('Belgia', 'Sint-Truiden', 8);
INSERT INTO team (country, club_name, league_id) VALUES ('Belgia', 'KV Oostende', 8);
INSERT INTO team (country, club_name, league_id) VALUES ('Belgia', 'Waasland-Beveren', 8);
INSERT INTO team (country, club_name, league_id) VALUES ('Belgia', 'Lokeren', 8);
INSERT INTO team (country, club_name, league_id) VALUES ('Belgia', 'Mouscron', 8);
INSERT INTO team (country, club_name, league_id) VALUES ('Belgia', 'KAS Eupen', 8);
INSERT INTO team (country, club_name, league_id) VALUES ('Belgia', 'Cercle Brugge', 8);

INSERT INTO team (country, club_name, league_id) VALUES ('Grecja', 'AEK Ateny', 9);
INSERT INTO team (country, club_name, league_id) VALUES ('Grecja', 'PAOK FC', 9);
INSERT INTO team (country, club_name, league_id) VALUES ('Grecja', 'Olympiakos SFP', 9);
INSERT INTO team (country, club_name, league_id) VALUES ('Grecja', 'PAE Atromitos', 9);
INSERT INTO team (country, club_name, league_id) VALUES ('Grecja', 'Asteras Tripolis', 9);
INSERT INTO team (country, club_name, league_id) VALUES ('Grecja', 'AO Ksanti', 9);
INSERT INTO team (country, club_name, league_id) VALUES ('Grecja', 'Panionios GSS', 9);
INSERT INTO team (country, club_name, league_id) VALUES ('Grecja', 'Panetolikos', 9);
INSERT INTO team (country, club_name, league_id) VALUES ('Grecja', 'PAS Janina', 9);
INSERT INTO team (country, club_name, league_id) VALUES ('Grecja', 'APO Lewadiakos', 9);
INSERT INTO team (country, club_name, league_id) VALUES ('Grecja', 'Panathinaikos AO', 9);
INSERT INTO team (country, club_name, league_id) VALUES ('Grecja', 'AE Larisa', 9);
INSERT INTO team (country, club_name, league_id) VALUES ('Grecja', 'PAS Lamia 1964', 9);
INSERT INTO team (country, club_name, league_id) VALUES ('Grecja', 'Apollon Smyrnis', 9);
INSERT INTO team (country, club_name, league_id) VALUES ('Grecja', 'OFI 1925', 9);
INSERT INTO team (country, club_name, league_id) VALUES ('Grecja', 'Aris FC', 9);

INSERT INTO team (country, club_name, league_id) VALUES ('Polska', 'Legia Warszawa', 10);
INSERT INTO team (country, club_name, league_id) VALUES ('Polska', 'Jagiellonia Białystok', 10);
INSERT INTO team (country, club_name, league_id) VALUES ('Polska', 'Lech Poznań', 10);
INSERT INTO team (country, club_name, league_id) VALUES ('Polska', 'Górnik Zabrze', 10);
INSERT INTO team (country, club_name, league_id) VALUES ('Polska', 'Wisła Płock', 10);
INSERT INTO team (country, club_name, league_id) VALUES ('Polska', 'Wisła Kraków', 10);
INSERT INTO team (country, club_name, league_id) VALUES ('Polska', 'Zagłębie Lubin', 10);
INSERT INTO team (country, club_name, league_id) VALUES ('Polska', 'Korona Kielce', 10);
INSERT INTO team (country, club_name, league_id) VALUES ('Polska', 'Cracovia', 10);
INSERT INTO team (country, club_name, league_id) VALUES ('Polska', 'Śląsk Wrocław', 10);
INSERT INTO team (country, club_name, league_id) VALUES ('Polska', 'Pogoń Szczecin', 10);
INSERT INTO team (country, club_name, league_id) VALUES ('Polska', 'Arka Gdynia', 10);
INSERT INTO team (country, club_name, league_id) VALUES ('Polska', 'Lechia Gdańsk', 10);
INSERT INTO team (country, club_name, league_id) VALUES ('Polska', 'Piast Gliwice', 10);
INSERT INTO team (country, club_name, league_id) VALUES ('Polska', 'Miedź Legnica', 10);
INSERT INTO team (country, club_name, league_id) VALUES ('Polska', 'Zagłębie Sosnowiec', 10);


INSERT INTO footballer (first_name,last_name,country,age,position,team_id) VALUES ('Thibaut','Courtois','Belgia',26,'Bramkarz',15);
INSERT INTO footballer (first_name,last_name,country,age,position,team_id) VALUES ('Keylor','Navas','Kostaryka',32,'Bramkarz',15);
INSERT INTO footballer (first_name,last_name,country,age,position,team_id) VALUES ('Luca','Zidane','Francja',20,'Bramkarz',15);
INSERT INTO footballer (first_name,last_name,country,age,position,team_id) VALUES ('Daniel','Carvajal','Hiszpania',27,'Obrońca',15);
INSERT INTO footballer (first_name,last_name,country,age,position,team_id) VALUES ('Adrian','De La Fuente','Hiszpania',20,'Obrońca',15);
INSERT INTO footballer (first_name,last_name,country,age,position,team_id) VALUES ('Marcelo','','Brazylia',30,'Obrońca',15);
INSERT INTO footballer (first_name,last_name,country,age,position,team_id) VALUES ('Nacho','','Hiszpania',29,'Obrońca',15);
INSERT INTO footballer (first_name,last_name,country,age,position,team_id) VALUES ('Alvaro','Odriozola','Hiszpania',23,'Obrońca',15);
INSERT INTO footballer (first_name,last_name,country,age,position,team_id) VALUES ('Sergio','Ramos','Hiszpania',32,'Obrońca',15);
INSERT INTO footballer (first_name,last_name,country,age,position,team_id) VALUES ('Sergio','Reguilon','Hiszpania',22,'Obrońca',15);
INSERT INTO footballer (first_name,last_name,country,age,position,team_id) VALUES ('Javier','Sanchez','Hiszpania',21,'Obrońca',15);
INSERT INTO footballer (first_name,last_name,country,age,position,team_id) VALUES ('Jesus','Vallejo','Hiszpania',22,'Obrońca',15);
INSERT INTO footballer (first_name,last_name,country,age,position,team_id) VALUES ('Raphael','Varane','Francja',25,'Obrońca',15);
INSERT INTO footballer (first_name,last_name,country,age,position,team_id) VALUES ('Marco','Asensi','Hiszpania',23,'Pomocnik',15);
INSERT INTO footballer (first_name,last_name,country,age,position,team_id) VALUES ('Casemiro','','Brazylia',27,'Pomocnik',15);
INSERT INTO footballer (first_name,last_name,country,age,position,team_id) VALUES ('Daniel','Ceballos ','Hiszpania',22,'Pomocnik',15);
INSERT INTO footballer (first_name,last_name,country,age,position,team_id) VALUES ('Brahim','Diaz','Hiszpania',19,'Pomocnik',15);
INSERT INTO footballer (first_name,last_name,country,age,position,team_id) VALUES ('Alvaro','Fidalgo','Hiszpania',22,'Pomocnik',15);
INSERT INTO footballer (first_name,last_name,country,age,position,team_id) VALUES ('Francisco','Garcia','Hiszpania',19,'Pomocnik',15);
INSERT INTO footballer (first_name,last_name,country,age,position,team_id) VALUES ('Isco','','Hiszpania',26,'Pomocnik',15);
INSERT INTO footballer (first_name,last_name,country,age,position,team_id) VALUES ('Toni','Kroos','Niemcy',29,'Pomocnik',15);
INSERT INTO footballer (first_name,last_name,country,age,position,team_id) VALUES ('Marcos','Llorente','Hiszpania',24,'Pomocnik',15);
INSERT INTO footballer (first_name,last_name,country,age,position,team_id) VALUES ('Lucas','','Hiszpania',27,'Pomocnik',15);
INSERT INTO footballer (first_name,last_name,country,age,position,team_id) VALUES ('Luka','Modric','Chorwacja',33,'Pomocnik',15);
INSERT INTO footballer (first_name,last_name,country,age,position,team_id) VALUES ('Federico','Valverde','Argentyna',20,'Pomocnik',15);
INSERT INTO footballer (first_name,last_name,country,age,position,team_id) VALUES ('Gareth','Bale','Walia',29,'Napastnik',15);
INSERT INTO footballer (first_name,last_name,country,age,position,team_id) VALUES ('Karim','Benzema','Francja',31,'Napastnik',15);
INSERT INTO footballer (first_name,last_name,country,age,position,team_id) VALUES ('Cristo Ramon','Gonzalez Perez','Hiszpania',21,'Napastnik',15);
INSERT INTO footballer (first_name,last_name,country,age,position,team_id) VALUES ('Vinicius','Junior','Brazylia',18,'Napastnik',15);
INSERT INTO footballer (first_name,last_name,country,age,position,team_id) VALUES ('Mariano','','Hiszpania',25,'Napastnik',15);
INSERT INTO footballer (first_name,last_name,country,age,position,team_id) VALUES ('Santiago','Solari','Argentyna',42,'Trener',15);

INSERT INTO footballer (first_name,last_name,country,age,position,team_id) VALUES ('Alex','Dominguez','Hiszpania',21,'Bramkarz',1);
INSERT INTO footballer (first_name,last_name,country,age,position,team_id) VALUES ('Fernando','Pacheco','Hiszpania',26,'Bramkarz',1);
INSERT INTO footballer (first_name,last_name,country,age,position,team_id) VALUES ('Antonio','Sivera','Hiszpania',22,'Bramkarz',1);
INSERT INTO footballer (first_name,last_name,country,age,position,team_id) VALUES ('Martin','Aguirregabiria','Hiszpania',22,'Obrońca',1);
INSERT INTO footballer (first_name,last_name,country,age,position,team_id) VALUES ('Ruben','Duarte','Hiszpania',23,'Obrońca',1);
INSERT INTO footballer (first_name,last_name,country,age,position,team_id) VALUES ('Rodrigo','Ely','Brazylia',25,'Obrońca',1);
INSERT INTO footballer (first_name,last_name,country,age,position,team_id) VALUES ('Victor','Laguardia','Hiszpania',29,'Obrońca',1);
INSERT INTO footballer (first_name,last_name,country,age,position,team_id) VALUES ('Guillermo','Maripan','Chile',24,'Obrońca',1);
INSERT INTO footballer (first_name,last_name,country,age,position,team_id) VALUES ('Ximo','Navarro','Hiszpania',29,'Obrońca',1);
INSERT INTO footballer (first_name,last_name,country,age,position,team_id) VALUES ('Antoni','Sivera','Andora',40,'Obrońca',1);
INSERT INTO footballer (first_name,last_name,country,age,position,team_id) VALUES ('Pedro','Toro','Hiszpania',21,'Obrońca',1);
INSERT INTO footballer (first_name,last_name,country,age,position,team_id) VALUES ('Carlos','Vigaray','Hiszpania',24,'Obrońca',1);
INSERT INTO footballer (first_name,last_name,country,age,position,team_id) VALUES ('Darko','Brasanac','Serbia',27,'Pomocnik',1);
INSERT INTO footballer (first_name,last_name,country,age,position,team_id) VALUES ('Manu','Garcia','Hiszpania',32,'Pomocnik',1);
INSERT INTO footballer (first_name,last_name,country,age,position,team_id) VALUES ('Takashi','Inui','Japonia',30,'Pomocnik',1);
INSERT INTO footballer (first_name,last_name,country,age,position,team_id) VALUES ('Jony','','Hiszpania',27,'Pomocnik',1);
INSERT INTO footballer (first_name,last_name,country,age,position,team_id) VALUES ('Tomas','Pina','Hiszpania',31,'Pomocnik',1);
INSERT INTO footballer (first_name,last_name,country,age,position,team_id) VALUES ('Diego','Rolan','Urugwaj',25,'Pomocnik',1);
INSERT INTO footballer (first_name,last_name,country,age,position,team_id) VALUES ('Mubarak','Wakaso','Ghana',28,'Pomocnik',1);
INSERT INTO footballer (first_name,last_name,country,age,position,team_id) VALUES ('Pau','de la Fuente','Hiszpania',21,'Pomocnik',1);
INSERT INTO footballer (first_name,last_name,country,age,position,team_id) VALUES ('Borja','Baston','Hiszpania',26,'Napastnik',1);
INSERT INTO footballer (first_name,last_name,country,age,position,team_id) VALUES ('Alejandro','Blanco','Hiszpania',20,'Napastnik',1);
INSERT INTO footballer (first_name,last_name,country,age,position,team_id) VALUES ('Burgui','','Hiszpania',25,'Napastnik',1);
INSERT INTO footballer (first_name,last_name,country,age,position,team_id) VALUES ('Jonathan','Calleri','Argentyna',25,'Napastnik',1);
INSERT INTO footballer (first_name,last_name,country,age,position,team_id) VALUES ('Inaki','Elejalde Rodriguez','Hiszpania',20,'Napastnik',1);
INSERT INTO footballer (first_name,last_name,country,age,position,team_id) VALUES ('John','Guidetti','Szwecja',26,'Napastnik',1);
INSERT INTO footballer (first_name,last_name,country,age,position,team_id) VALUES ('Andrei','Lupu','Rumunia',21,'Napastnik',1);
INSERT INTO footballer (first_name,last_name,country,age,position,team_id) VALUES ('Patrick','Twumasi','Ghana',24,'Napastnik',1);
INSERT INTO footballer (first_name,last_name,country,age,position,team_id) VALUES ('Abelardo','','Hiszpania',48,'Trener',1);

INSERT INTO footballer (first_name,last_name,country,age,position,team_id) VALUES ('Unai','Etxebarria','Hiszpania',22,'Bramkarz',2);
INSERT INTO footballer (first_name,last_name,country,age,position,team_id) VALUES ('Iago','Herrerin','Hiszpania',31,'Bramkarz',2);
INSERT INTO footballer (first_name,last_name,country,age,position,team_id) VALUES ('Hodei','Oleaga','Hiszpania',0,'Bramkarz',2);
INSERT INTO footballer (first_name,last_name,country,age,position,team_id) VALUES ('Alejandro','Remiro','Hiszpania',23,'Bramkarz',2);
INSERT INTO footballer (first_name,last_name,country,age,position,team_id) VALUES ('Unai','Simon','Hiszpania',21,'Bramkarz',2);
INSERT INTO footballer (first_name,last_name,country,age,position,team_id) VALUES ('Yeray','Alvarez','Hiszpania',24,'Obrońca',2);
INSERT INTO footballer (first_name,last_name,country,age,position,team_id) VALUES ('Mikel','Balenziaga','Hiszpania',31,'Obrońca',2);
INSERT INTO footballer (first_name,last_name,country,age,position,team_id) VALUES ('Yuri','Berchiche','Hiszpania',29,'Obrońca',2);
INSERT INTO footballer (first_name,last_name,country,age,position,team_id) VALUES ('Inigo','Martinez','Hiszpania',27,'Obrońca',2);
INSERT INTO footballer (first_name,last_name,country,age,position,team_id) VALUES ('Unai','Nunez','Hiszpania',22,'Obrońca',2);
INSERT INTO footballer (first_name,last_name,country,age,position,team_id) VALUES ('Mikel','San Jose','Hiszpania',29,'Obrońca',2);
INSERT INTO footballer (first_name,last_name,country,age,position,team_id) VALUES ('Oscar','de Marcos','Hiszpania',29,'Obrońca',2);
INSERT INTO footballer (first_name,last_name,country,age,position,team_id) VALUES ('Benat','','Hiszpania',32,'Pomocnik',2);
INSERT INTO footballer (first_name,last_name,country,age,position,team_id) VALUES ('Ander','Capa','Hiszpania',26,'Pomocnik',2);
INSERT INTO footballer (first_name,last_name,country,age,position,team_id) VALUES ('Dani','Garcia','Hiszpania',28,'Pomocnik',2);
INSERT INTO footballer (first_name,last_name,country,age,position,team_id) VALUES ('Raul','Garcia','Hiszpania',32,'Pomocnik',2);
INSERT INTO footballer (first_name,last_name,country,age,position,team_id) VALUES ('Ander','Iturraspe','Hiszpania',29,'Pomocnik',2);
INSERT INTO footballer (first_name,last_name,country,age,position,team_id) VALUES ('Lekue','','Hiszpania',25,'Pomocnik',2);
INSERT INTO footballer (first_name,last_name,country,age,position,team_id) VALUES ('Unai','Lopez','Hiszpania',23,'Pomocnik',2);
INSERT INTO footballer (first_name,last_name,country,age,position,team_id) VALUES ('Peru','Nolaskoain','Hiszpania',20,'Pomocnik',2);
INSERT INTO footballer (first_name,last_name,country,age,position,team_id) VALUES ('Mikel','Rico','Hiszpania',34,'Pomocnik',2);
INSERT INTO footballer (first_name,last_name,country,age,position,team_id) VALUES ('Markel','Susaeta','Hiszpania',31,'Pomocnik',2);
INSERT INTO footballer (first_name,last_name,country,age,position,team_id) VALUES ('Aritz','Aduriz','Hiszpania',38,'Napastnik',2);
INSERT INTO footballer (first_name,last_name,country,age,position,team_id) VALUES ('Inigo','Cordoba','Hiszpania',21,'Napastnik',2);
INSERT INTO footballer (first_name,last_name,country,age,position,team_id) VALUES ('Gorka','Guruzeta','Hiszpania',22,'Napastnik',2);
INSERT INTO footballer (first_name,last_name,country,age,position,team_id) VALUES ('Perez','Ibai Gomez','Hiszpania',29,'Napastnik',2);
INSERT INTO footballer (first_name,last_name,country,age,position,team_id) VALUES ('Kenan','Kodro','Bośnia i Hercegowina',25,'Napastnik',2);
INSERT INTO footballer (first_name,last_name,country,age,position,team_id) VALUES ('Iker','Muniain','Hiszpania',26,'Napastnik',2);
INSERT INTO footballer (first_name,last_name,country,age,position,team_id) VALUES ('Inigo','Vicente','Hiszpania',21,'Napastnik',2);
INSERT INTO footballer (first_name,last_name,country,age,position,team_id) VALUES ('Inaki','Williams','Hiszpania',24,'Napastnik',2);


-- INSERT INTO footballer (first_name,last_name,country,age,position,team_id) VALUES ('','','',,'',3);
-- INSERT INTO footballer (first_name,last_name,country,age,position,team_id) VALUES ('','','',,'',3);
-- INSERT INTO footballer (first_name,last_name,country,age,position,team_id) VALUES ('','','',,'',3);
-- INSERT INTO footballer (first_name,last_name,country,age,position,team_id) VALUES ('','','',,'',3);
-- INSERT INTO footballer (first_name,last_name,country,age,position,team_id) VALUES ('','','',,'',3);
-- INSERT INTO footballer (first_name,last_name,country,age,position,team_id) VALUES ('','','',,'',3);
-- INSERT INTO footballer (first_name,last_name,country,age,position,team_id) VALUES ('','','',,'',3);
-- INSERT INTO footballer (first_name,last_name,country,age,position,team_id) VALUES ('','','',,'',3);
-- INSERT INTO footballer (first_name,last_name,country,age,position,team_id) VALUES ('','','',,'',3);
-- INSERT INTO footballer (first_name,last_name,country,age,position,team_id) VALUES ('','','',,'',3);
-- INSERT INTO footballer (first_name,last_name,country,age,position,team_id) VALUES ('','','',,'',3);
-- INSERT INTO footballer (first_name,last_name,country,age,position,team_id) VALUES ('','','',,'',3);
-- INSERT INTO footballer (first_name,last_name,country,age,position,team_id) VALUES ('','','',,'',3);
-- INSERT INTO footballer (first_name,last_name,country,age,position,team_id) VALUES ('','','',,'',3);
-- INSERT INTO footballer (first_name,last_name,country,age,position,team_id) VALUES ('','','',,'',3);
-- INSERT INTO footballer (first_name,last_name,country,age,position,team_id) VALUES ('','','',,'',3);
-- INSERT INTO footballer (first_name,last_name,country,age,position,team_id) VALUES ('','','',,'',3);
-- INSERT INTO footballer (first_name,last_name,country,age,position,team_id) VALUES ('','','',,'',3);
-- INSERT INTO footballer (first_name,last_name,country,age,position,team_id) VALUES ('','','',,'',3);
-- INSERT INTO footballer (first_name,last_name,country,age,position,team_id) VALUES ('','','',,'',3);
-- INSERT INTO footballer (first_name,last_name,country,age,position,team_id) VALUES ('','','',,'',3);
-- INSERT INTO footballer (first_name,last_name,country,age,position,team_id) VALUES ('','','',,'',3);
-- INSERT INTO footballer (first_name,last_name,country,age,position,team_id) VALUES ('','','',,'',3);
-- INSERT INTO footballer (first_name,last_name,country,age,position,team_id) VALUES ('','','',,'',3);
-- INSERT INTO footballer (first_name,last_name,country,age,position,team_id) VALUES ('','','',,'',3);
-- INSERT INTO footballer (first_name,last_name,country,age,position,team_id) VALUES ('','','',,'',3);
-- INSERT INTO footballer (first_name,last_name,country,age,position,team_id) VALUES ('','','',,'',3);
-- INSERT INTO footballer (first_name,last_name,country,age,position,team_id) VALUES ('','','',,'',3);
-- INSERT INTO footballer (first_name,last_name,country,age,position,team_id) VALUES ('','','',,'',3);
-- INSERT INTO footballer (first_name,last_name,country,age,position,team_id) VALUES ('','','',,'',3);
-- INSERT INTO footballer (first_name,last_name,country,age,position,team_id) VALUES ('','','',,'',3);
-- INSERT INTO footballer (first_name,last_name,country,age,position,team_id) VALUES ('','','',,'',3);
-- INSERT INTO footballer (first_name,last_name,country,age,position,team_id) VALUES ('','','',,'',3);
-- INSERT INTO footballer (first_name,last_name,country,age,position,team_id) VALUES ('','','',,'',3);
-- INSERT INTO footballer (first_name,last_name,country,age,position,team_id) VALUES ('','','',,'',3);
--
-- INSERT INTO footballer (first_name,last_name,country,age,position,team_id) VALUES ('','','',,'',4);
-- INSERT INTO footballer (first_name,last_name,country,age,position,team_id) VALUES ('','','',,'',4);
-- INSERT INTO footballer (first_name,last_name,country,age,position,team_id) VALUES ('','','',,'',4);
-- INSERT INTO footballer (first_name,last_name,country,age,position,team_id) VALUES ('','','',,'',4);
-- INSERT INTO footballer (first_name,last_name,country,age,position,team_id) VALUES ('','','',,'',4);
-- INSERT INTO footballer (first_name,last_name,country,age,position,team_id) VALUES ('','','',,'',4);
-- INSERT INTO footballer (first_name,last_name,country,age,position,team_id) VALUES ('','','',,'',4);
-- INSERT INTO footballer (first_name,last_name,country,age,position,team_id) VALUES ('','','',,'',4);
-- INSERT INTO footballer (first_name,last_name,country,age,position,team_id) VALUES ('','','',,'',4);
-- INSERT INTO footballer (first_name,last_name,country,age,position,team_id) VALUES ('','','',,'',4);
-- INSERT INTO footballer (first_name,last_name,country,age,position,team_id) VALUES ('','','',,'',4);
-- INSERT INTO footballer (first_name,last_name,country,age,position,team_id) VALUES ('','','',,'',4);
-- INSERT INTO footballer (first_name,last_name,country,age,position,team_id) VALUES ('','','',,'',4);
-- INSERT INTO footballer (first_name,last_name,country,age,position,team_id) VALUES ('','','',,'',4);
-- INSERT INTO footballer (first_name,last_name,country,age,position,team_id) VALUES ('','','',,'',4);
-- INSERT INTO footballer (first_name,last_name,country,age,position,team_id) VALUES ('','','',,'',4);
-- INSERT INTO footballer (first_name,last_name,country,age,position,team_id) VALUES ('','','',,'',4);
-- INSERT INTO footballer (first_name,last_name,country,age,position,team_id) VALUES ('','','',,'',4);
-- INSERT INTO footballer (first_name,last_name,country,age,position,team_id) VALUES ('','','',,'',4);
-- INSERT INTO footballer (first_name,last_name,country,age,position,team_id) VALUES ('','','',,'',4);
-- INSERT INTO footballer (first_name,last_name,country,age,position,team_id) VALUES ('','','',,'',4);
-- INSERT INTO footballer (first_name,last_name,country,age,position,team_id) VALUES ('','','',,'',4);
-- INSERT INTO footballer (first_name,last_name,country,age,position,team_id) VALUES ('','','',,'',4);
-- INSERT INTO footballer (first_name,last_name,country,age,position,team_id) VALUES ('','','',,'',4);
-- INSERT INTO footballer (first_name,last_name,country,age,position,team_id) VALUES ('','','',,'',4);
-- INSERT INTO footballer (first_name,last_name,country,age,position,team_id) VALUES ('','','',,'',4);
-- INSERT INTO footballer (first_name,last_name,country,age,position,team_id) VALUES ('','','',,'',4);
-- INSERT INTO footballer (first_name,last_name,country,age,position,team_id) VALUES ('','','',,'',4);
-- INSERT INTO footballer (first_name,last_name,country,age,position,team_id) VALUES ('','','',,'',4);
-- INSERT INTO footballer (first_name,last_name,country,age,position,team_id) VALUES ('','','',,'',4);
-- INSERT INTO footballer (first_name,last_name,country,age,position,team_id) VALUES ('','','',,'',4);
-- INSERT INTO footballer (first_name,last_name,country,age,position,team_id) VALUES ('','','',,'',4);
-- INSERT INTO footballer (first_name,last_name,country,age,position,team_id) VALUES ('','','',,'',4);
-- INSERT INTO footballer (first_name,last_name,country,age,position,team_id) VALUES ('','','',,'',4);
-- INSERT INTO footballer (first_name,last_name,country,age,position,team_id) VALUES ('','','',,'',4);
--
-- INSERT INTO footballer (first_name,last_name,country,age,position,team_id) VALUES ('','','',,'',5);
-- INSERT INTO footballer (first_name,last_name,country,age,position,team_id) VALUES ('','','',,'',5);
-- INSERT INTO footballer (first_name,last_name,country,age,position,team_id) VALUES ('','','',,'',5);
-- INSERT INTO footballer (first_name,last_name,country,age,position,team_id) VALUES ('','','',,'',5);
-- INSERT INTO footballer (first_name,last_name,country,age,position,team_id) VALUES ('','','',,'',5);
-- INSERT INTO footballer (first_name,last_name,country,age,position,team_id) VALUES ('','','',,'',5);
-- INSERT INTO footballer (first_name,last_name,country,age,position,team_id) VALUES ('','','',,'',5);
-- INSERT INTO footballer (first_name,last_name,country,age,position,team_id) VALUES ('','','',,'',5);
-- INSERT INTO footballer (first_name,last_name,country,age,position,team_id) VALUES ('','','',,'',5);
-- INSERT INTO footballer (first_name,last_name,country,age,position,team_id) VALUES ('','','',,'',5);
-- INSERT INTO footballer (first_name,last_name,country,age,position,team_id) VALUES ('','','',,'',5);
-- INSERT INTO footballer (first_name,last_name,country,age,position,team_id) VALUES ('','','',,'',5);
-- INSERT INTO footballer (first_name,last_name,country,age,position,team_id) VALUES ('','','',,'',5);
-- INSERT INTO footballer (first_name,last_name,country,age,position,team_id) VALUES ('','','',,'',5);
-- INSERT INTO footballer (first_name,last_name,country,age,position,team_id) VALUES ('','','',,'',5);
-- INSERT INTO footballer (first_name,last_name,country,age,position,team_id) VALUES ('','','',,'',5);
-- INSERT INTO footballer (first_name,last_name,country,age,position,team_id) VALUES ('','','',,'',5);
-- INSERT INTO footballer (first_name,last_name,country,age,position,team_id) VALUES ('','','',,'',5);
-- INSERT INTO footballer (first_name,last_name,country,age,position,team_id) VALUES ('','','',,'',5);
-- INSERT INTO footballer (first_name,last_name,country,age,position,team_id) VALUES ('','','',,'',5);
-- INSERT INTO footballer (first_name,last_name,country,age,position,team_id) VALUES ('','','',,'',5);
-- INSERT INTO footballer (first_name,last_name,country,age,position,team_id) VALUES ('','','',,'',5);
-- INSERT INTO footballer (first_name,last_name,country,age,position,team_id) VALUES ('','','',,'',5);
-- INSERT INTO footballer (first_name,last_name,country,age,position,team_id) VALUES ('','','',,'',5);
-- INSERT INTO footballer (first_name,last_name,country,age,position,team_id) VALUES ('','','',,'',5);
-- INSERT INTO footballer (first_name,last_name,country,age,position,team_id) VALUES ('','','',,'',5);
-- INSERT INTO footballer (first_name,last_name,country,age,position,team_id) VALUES ('','','',,'',5);
-- INSERT INTO footballer (first_name,last_name,country,age,position,team_id) VALUES ('','','',,'',5);
-- INSERT INTO footballer (first_name,last_name,country,age,position,team_id) VALUES ('','','',,'',5);
-- INSERT INTO footballer (first_name,last_name,country,age,position,team_id) VALUES ('','','',,'',5);
-- INSERT INTO footballer (first_name,last_name,country,age,position,team_id) VALUES ('','','',,'',5);
-- INSERT INTO footballer (first_name,last_name,country,age,position,team_id) VALUES ('','','',,'',5);
-- INSERT INTO footballer (first_name,last_name,country,age,position,team_id) VALUES ('','','',,'',5);
-- INSERT INTO footballer (first_name,last_name,country,age,position,team_id) VALUES ('','','',,'',5);
-- INSERT INTO footballer (first_name,last_name,country,age,position,team_id) VALUES ('','','',,'',5);
--
-- INSERT INTO footballer (first_name,last_name,country,age,position,team_id) VALUES ('','','',,'',6);
-- INSERT INTO footballer (first_name,last_name,country,age,position,team_id) VALUES ('','','',,'',6);
-- INSERT INTO footballer (first_name,last_name,country,age,position,team_id) VALUES ('','','',,'',6);
-- INSERT INTO footballer (first_name,last_name,country,age,position,team_id) VALUES ('','','',,'',6);
-- INSERT INTO footballer (first_name,last_name,country,age,position,team_id) VALUES ('','','',,'',6);
-- INSERT INTO footballer (first_name,last_name,country,age,position,team_id) VALUES ('','','',,'',6);
-- INSERT INTO footballer (first_name,last_name,country,age,position,team_id) VALUES ('','','',,'',6);
-- INSERT INTO footballer (first_name,last_name,country,age,position,team_id) VALUES ('','','',,'',6);
-- INSERT INTO footballer (first_name,last_name,country,age,position,team_id) VALUES ('','','',,'',6);
-- INSERT INTO footballer (first_name,last_name,country,age,position,team_id) VALUES ('','','',,'',6);
-- INSERT INTO footballer (first_name,last_name,country,age,position,team_id) VALUES ('','','',,'',6);
-- INSERT INTO footballer (first_name,last_name,country,age,position,team_id) VALUES ('','','',,'',6);
-- INSERT INTO footballer (first_name,last_name,country,age,position,team_id) VALUES ('','','',,'',6);
-- INSERT INTO footballer (first_name,last_name,country,age,position,team_id) VALUES ('','','',,'',6);
-- INSERT INTO footballer (first_name,last_name,country,age,position,team_id) VALUES ('','','',,'',6);
-- INSERT INTO footballer (first_name,last_name,country,age,position,team_id) VALUES ('','','',,'',6);
-- INSERT INTO footballer (first_name,last_name,country,age,position,team_id) VALUES ('','','',,'',6);
-- INSERT INTO footballer (first_name,last_name,country,age,position,team_id) VALUES ('','','',,'',6);
-- INSERT INTO footballer (first_name,last_name,country,age,position,team_id) VALUES ('','','',,'',6);
-- INSERT INTO footballer (first_name,last_name,country,age,position,team_id) VALUES ('','','',,'',6);
-- INSERT INTO footballer (first_name,last_name,country,age,position,team_id) VALUES ('','','',,'',6);
-- INSERT INTO footballer (first_name,last_name,country,age,position,team_id) VALUES ('','','',,'',6);
-- INSERT INTO footballer (first_name,last_name,country,age,position,team_id) VALUES ('','','',,'',6);
-- INSERT INTO footballer (first_name,last_name,country,age,position,team_id) VALUES ('','','',,'',6);
-- INSERT INTO footballer (first_name,last_name,country,age,position,team_id) VALUES ('','','',,'',6);
-- INSERT INTO footballer (first_name,last_name,country,age,position,team_id) VALUES ('','','',,'',6);
-- INSERT INTO footballer (first_name,last_name,country,age,position,team_id) VALUES ('','','',,'',6);
-- INSERT INTO footballer (first_name,last_name,country,age,position,team_id) VALUES ('','','',,'',6);
-- INSERT INTO footballer (first_name,last_name,country,age,position,team_id) VALUES ('','','',,'',6);
-- INSERT INTO footballer (first_name,last_name,country,age,position,team_id) VALUES ('','','',,'',6);
-- INSERT INTO footballer (first_name,last_name,country,age,position,team_id) VALUES ('','','',,'',6);
-- INSERT INTO footballer (first_name,last_name,country,age,position,team_id) VALUES ('','','',,'',6);
-- INSERT INTO footballer (first_name,last_name,country,age,position,team_id) VALUES ('','','',,'',6);
-- INSERT INTO footballer (first_name,last_name,country,age,position,team_id) VALUES ('','','',,'',6);
-- INSERT INTO footballer (first_name,last_name,country,age,position,team_id) VALUES ('','','',,'',6);
--
-- INSERT INTO footballer (first_name,last_name,country,age,position,team_id) VALUES ('','','',,'',7);
-- INSERT INTO footballer (first_name,last_name,country,age,position,team_id) VALUES ('','','',,'',7);
-- INSERT INTO footballer (first_name,last_name,country,age,position,team_id) VALUES ('','','',,'',7);
-- INSERT INTO footballer (first_name,last_name,country,age,position,team_id) VALUES ('','','',,'',7);
-- INSERT INTO footballer (first_name,last_name,country,age,position,team_id) VALUES ('','','',,'',7);
-- INSERT INTO footballer (first_name,last_name,country,age,position,team_id) VALUES ('','','',,'',7);
-- INSERT INTO footballer (first_name,last_name,country,age,position,team_id) VALUES ('','','',,'',7);
-- INSERT INTO footballer (first_name,last_name,country,age,position,team_id) VALUES ('','','',,'',7);
-- INSERT INTO footballer (first_name,last_name,country,age,position,team_id) VALUES ('','','',,'',7);
-- INSERT INTO footballer (first_name,last_name,country,age,position,team_id) VALUES ('','','',,'',7);
-- INSERT INTO footballer (first_name,last_name,country,age,position,team_id) VALUES ('','','',,'',7);
-- INSERT INTO footballer (first_name,last_name,country,age,position,team_id) VALUES ('','','',,'',7);
-- INSERT INTO footballer (first_name,last_name,country,age,position,team_id) VALUES ('','','',,'',7);
-- INSERT INTO footballer (first_name,last_name,country,age,position,team_id) VALUES ('','','',,'',7);
-- INSERT INTO footballer (first_name,last_name,country,age,position,team_id) VALUES ('','','',,'',7);
-- INSERT INTO footballer (first_name,last_name,country,age,position,team_id) VALUES ('','','',,'',7);
-- INSERT INTO footballer (first_name,last_name,country,age,position,team_id) VALUES ('','','',,'',7);
-- INSERT INTO footballer (first_name,last_name,country,age,position,team_id) VALUES ('','','',,'',7);
-- INSERT INTO footballer (first_name,last_name,country,age,position,team_id) VALUES ('','','',,'',7);
-- INSERT INTO footballer (first_name,last_name,country,age,position,team_id) VALUES ('','','',,'',7);
-- INSERT INTO footballer (first_name,last_name,country,age,position,team_id) VALUES ('','','',,'',7);
-- INSERT INTO footballer (first_name,last_name,country,age,position,team_id) VALUES ('','','',,'',7);
-- INSERT INTO footballer (first_name,last_name,country,age,position,team_id) VALUES ('','','',,'',7);
-- INSERT INTO footballer (first_name,last_name,country,age,position,team_id) VALUES ('','','',,'',7);
-- INSERT INTO footballer (first_name,last_name,country,age,position,team_id) VALUES ('','','',,'',7);
-- INSERT INTO footballer (first_name,last_name,country,age,position,team_id) VALUES ('','','',,'',7);
-- INSERT INTO footballer (first_name,last_name,country,age,position,team_id) VALUES ('','','',,'',7);
-- INSERT INTO footballer (first_name,last_name,country,age,position,team_id) VALUES ('','','',,'',7);
-- INSERT INTO footballer (first_name,last_name,country,age,position,team_id) VALUES ('','','',,'',7);
-- INSERT INTO footballer (first_name,last_name,country,age,position,team_id) VALUES ('','','',,'',7);
-- INSERT INTO footballer (first_name,last_name,country,age,position,team_id) VALUES ('','','',,'',7);
-- INSERT INTO footballer (first_name,last_name,country,age,position,team_id) VALUES ('','','',,'',7);
-- INSERT INTO footballer (first_name,last_name,country,age,position,team_id) VALUES ('','','',,'',7);
-- INSERT INTO footballer (first_name,last_name,country,age,position,team_id) VALUES ('','','',,'',7);
-- INSERT INTO footballer (first_name,last_name,country,age,position,team_id) VALUES ('','','',,'',7);
--
-- INSERT INTO footballer (first_name,last_name,country,age,position,team_id) VALUES ('','','',,'',8);
-- INSERT INTO footballer (first_name,last_name,country,age,position,team_id) VALUES ('','','',,'',8);
-- INSERT INTO footballer (first_name,last_name,country,age,position,team_id) VALUES ('','','',,'',8);
-- INSERT INTO footballer (first_name,last_name,country,age,position,team_id) VALUES ('','','',,'',8);
-- INSERT INTO footballer (first_name,last_name,country,age,position,team_id) VALUES ('','','',,'',8);
-- INSERT INTO footballer (first_name,last_name,country,age,position,team_id) VALUES ('','','',,'',8);
-- INSERT INTO footballer (first_name,last_name,country,age,position,team_id) VALUES ('','','',,'',8);
-- INSERT INTO footballer (first_name,last_name,country,age,position,team_id) VALUES ('','','',,'',8);
-- INSERT INTO footballer (first_name,last_name,country,age,position,team_id) VALUES ('','','',,'',8);
-- INSERT INTO footballer (first_name,last_name,country,age,position,team_id) VALUES ('','','',,'',8);
-- INSERT INTO footballer (first_name,last_name,country,age,position,team_id) VALUES ('','','',,'',8);
-- INSERT INTO footballer (first_name,last_name,country,age,position,team_id) VALUES ('','','',,'',8);
-- INSERT INTO footballer (first_name,last_name,country,age,position,team_id) VALUES ('','','',,'',8);
-- INSERT INTO footballer (first_name,last_name,country,age,position,team_id) VALUES ('','','',,'',8);
-- INSERT INTO footballer (first_name,last_name,country,age,position,team_id) VALUES ('','','',,'',8);
-- INSERT INTO footballer (first_name,last_name,country,age,position,team_id) VALUES ('','','',,'',8);
-- INSERT INTO footballer (first_name,last_name,country,age,position,team_id) VALUES ('','','',,'',8);
-- INSERT INTO footballer (first_name,last_name,country,age,position,team_id) VALUES ('','','',,'',8);
-- INSERT INTO footballer (first_name,last_name,country,age,position,team_id) VALUES ('','','',,'',8);
-- INSERT INTO footballer (first_name,last_name,country,age,position,team_id) VALUES ('','','',,'',8);
-- INSERT INTO footballer (first_name,last_name,country,age,position,team_id) VALUES ('','','',,'',8);
-- INSERT INTO footballer (first_name,last_name,country,age,position,team_id) VALUES ('','','',,'',8);
-- INSERT INTO footballer (first_name,last_name,country,age,position,team_id) VALUES ('','','',,'',8);
-- INSERT INTO footballer (first_name,last_name,country,age,position,team_id) VALUES ('','','',,'',8);
-- INSERT INTO footballer (first_name,last_name,country,age,position,team_id) VALUES ('','','',,'',8);
-- INSERT INTO footballer (first_name,last_name,country,age,position,team_id) VALUES ('','','',,'',8);
-- INSERT INTO footballer (first_name,last_name,country,age,position,team_id) VALUES ('','','',,'',8);
-- INSERT INTO footballer (first_name,last_name,country,age,position,team_id) VALUES ('','','',,'',8);
-- INSERT INTO footballer (first_name,last_name,country,age,position,team_id) VALUES ('','','',,'',8);
-- INSERT INTO footballer (first_name,last_name,country,age,position,team_id) VALUES ('','','',,'',8);
-- INSERT INTO footballer (first_name,last_name,country,age,position,team_id) VALUES ('','','',,'',8);
-- INSERT INTO footballer (first_name,last_name,country,age,position,team_id) VALUES ('','','',,'',8);
-- INSERT INTO footballer (first_name,last_name,country,age,position,team_id) VALUES ('','','',,'',8);
-- INSERT INTO footballer (first_name,last_name,country,age,position,team_id) VALUES ('','','',,'',8);
-- INSERT INTO footballer (first_name,last_name,country,age,position,team_id) VALUES ('','','',,'',8);
--
-- INSERT INTO footballer (first_name,last_name,country,age,position,team_id) VALUES ('','','',,'',9);
-- INSERT INTO footballer (first_name,last_name,country,age,position,team_id) VALUES ('','','',,'',9);
-- INSERT INTO footballer (first_name,last_name,country,age,position,team_id) VALUES ('','','',,'',9);
-- INSERT INTO footballer (first_name,last_name,country,age,position,team_id) VALUES ('','','',,'',9);
-- INSERT INTO footballer (first_name,last_name,country,age,position,team_id) VALUES ('','','',,'',9);
-- INSERT INTO footballer (first_name,last_name,country,age,position,team_id) VALUES ('','','',,'',9);
-- INSERT INTO footballer (first_name,last_name,country,age,position,team_id) VALUES ('','','',,'',9);
-- INSERT INTO footballer (first_name,last_name,country,age,position,team_id) VALUES ('','','',,'',9);
-- INSERT INTO footballer (first_name,last_name,country,age,position,team_id) VALUES ('','','',,'',9);
-- INSERT INTO footballer (first_name,last_name,country,age,position,team_id) VALUES ('','','',,'',9);
-- INSERT INTO footballer (first_name,last_name,country,age,position,team_id) VALUES ('','','',,'',9);
-- INSERT INTO footballer (first_name,last_name,country,age,position,team_id) VALUES ('','','',,'',9);
-- INSERT INTO footballer (first_name,last_name,country,age,position,team_id) VALUES ('','','',,'',9);
-- INSERT INTO footballer (first_name,last_name,country,age,position,team_id) VALUES ('','','',,'',9);
-- INSERT INTO footballer (first_name,last_name,country,age,position,team_id) VALUES ('','','',,'',9);
-- INSERT INTO footballer (first_name,last_name,country,age,position,team_id) VALUES ('','','',,'',9);
-- INSERT INTO footballer (first_name,last_name,country,age,position,team_id) VALUES ('','','',,'',9);
-- INSERT INTO footballer (first_name,last_name,country,age,position,team_id) VALUES ('','','',,'',9);
-- INSERT INTO footballer (first_name,last_name,country,age,position,team_id) VALUES ('','','',,'',9);
-- INSERT INTO footballer (first_name,last_name,country,age,position,team_id) VALUES ('','','',,'',9);
-- INSERT INTO footballer (first_name,last_name,country,age,position,team_id) VALUES ('','','',,'',9);
-- INSERT INTO footballer (first_name,last_name,country,age,position,team_id) VALUES ('','','',,'',9);
-- INSERT INTO footballer (first_name,last_name,country,age,position,team_id) VALUES ('','','',,'',9);
-- INSERT INTO footballer (first_name,last_name,country,age,position,team_id) VALUES ('','','',,'',9);
-- INSERT INTO footballer (first_name,last_name,country,age,position,team_id) VALUES ('','','',,'',9);
-- INSERT INTO footballer (first_name,last_name,country,age,position,team_id) VALUES ('','','',,'',9);
-- INSERT INTO footballer (first_name,last_name,country,age,position,team_id) VALUES ('','','',,'',9);
-- INSERT INTO footballer (first_name,last_name,country,age,position,team_id) VALUES ('','','',,'',9);
-- INSERT INTO footballer (first_name,last_name,country,age,position,team_id) VALUES ('','','',,'',9);
-- INSERT INTO footballer (first_name,last_name,country,age,position,team_id) VALUES ('','','',,'',9);
-- INSERT INTO footballer (first_name,last_name,country,age,position,team_id) VALUES ('','','',,'',9);
-- INSERT INTO footballer (first_name,last_name,country,age,position,team_id) VALUES ('','','',,'',9);
-- INSERT INTO footballer (first_name,last_name,country,age,position,team_id) VALUES ('','','',,'',9);
-- INSERT INTO footballer (first_name,last_name,country,age,position,team_id) VALUES ('','','',,'',9);
-- INSERT INTO footballer (first_name,last_name,country,age,position,team_id) VALUES ('','','',,'',9);
--
-- INSERT INTO footballer (first_name,last_name,country,age,position,team_id) VALUES ('','','',,'',10);
-- INSERT INTO footballer (first_name,last_name,country,age,position,team_id) VALUES ('','','',,'',10);
-- INSERT INTO footballer (first_name,last_name,country,age,position,team_id) VALUES ('','','',,'',10);
-- INSERT INTO footballer (first_name,last_name,country,age,position,team_id) VALUES ('','','',,'',10);
-- INSERT INTO footballer (first_name,last_name,country,age,position,team_id) VALUES ('','','',,'',10);
-- INSERT INTO footballer (first_name,last_name,country,age,position,team_id) VALUES ('','','',,'',10);
-- INSERT INTO footballer (first_name,last_name,country,age,position,team_id) VALUES ('','','',,'',10);
-- INSERT INTO footballer (first_name,last_name,country,age,position,team_id) VALUES ('','','',,'',10);
-- INSERT INTO footballer (first_name,last_name,country,age,position,team_id) VALUES ('','','',,'',10);
-- INSERT INTO footballer (first_name,last_name,country,age,position,team_id) VALUES ('','','',,'',10);
-- INSERT INTO footballer (first_name,last_name,country,age,position,team_id) VALUES ('','','',,'',10);
-- INSERT INTO footballer (first_name,last_name,country,age,position,team_id) VALUES ('','','',,'',10);
-- INSERT INTO footballer (first_name,last_name,country,age,position,team_id) VALUES ('','','',,'',10);
-- INSERT INTO footballer (first_name,last_name,country,age,position,team_id) VALUES ('','','',,'',10);
-- INSERT INTO footballer (first_name,last_name,country,age,position,team_id) VALUES ('','','',,'',10);
-- INSERT INTO footballer (first_name,last_name,country,age,position,team_id) VALUES ('','','',,'',10);
-- INSERT INTO footballer (first_name,last_name,country,age,position,team_id) VALUES ('','','',,'',10);
-- INSERT INTO footballer (first_name,last_name,country,age,position,team_id) VALUES ('','','',,'',10);
-- INSERT INTO footballer (first_name,last_name,country,age,position,team_id) VALUES ('','','',,'',10);
-- INSERT INTO footballer (first_name,last_name,country,age,position,team_id) VALUES ('','','',,'',10);
-- INSERT INTO footballer (first_name,last_name,country,age,position,team_id) VALUES ('','','',,'',10);
-- INSERT INTO footballer (first_name,last_name,country,age,position,team_id) VALUES ('','','',,'',10);
-- INSERT INTO footballer (first_name,last_name,country,age,position,team_id) VALUES ('','','',,'',10);
-- INSERT INTO footballer (first_name,last_name,country,age,position,team_id) VALUES ('','','',,'',10);
-- INSERT INTO footballer (first_name,last_name,country,age,position,team_id) VALUES ('','','',,'',10);
-- INSERT INTO footballer (first_name,last_name,country,age,position,team_id) VALUES ('','','',,'',10);
-- INSERT INTO footballer (first_name,last_name,country,age,position,team_id) VALUES ('','','',,'',10);
-- INSERT INTO footballer (first_name,last_name,country,age,position,team_id) VALUES ('','','',,'',10);
-- INSERT INTO footballer (first_name,last_name,country,age,position,team_id) VALUES ('','','',,'',10);
-- INSERT INTO footballer (first_name,last_name,country,age,position,team_id) VALUES ('','','',,'',10);
-- INSERT INTO footballer (first_name,last_name,country,age,position,team_id) VALUES ('','','',,'',10);
-- INSERT INTO footballer (first_name,last_name,country,age,position,team_id) VALUES ('','','',,'',10);
-- INSERT INTO footballer (first_name,last_name,country,age,position,team_id) VALUES ('','','',,'',10);
-- INSERT INTO footballer (first_name,last_name,country,age,position,team_id) VALUES ('','','',,'',10);
-- INSERT INTO footballer (first_name,last_name,country,age,position,team_id) VALUES ('','','',,'',10);
--
-- INSERT INTO footballer (first_name,last_name,country,age,position,team_id) VALUES ('','','',,'',11);
-- INSERT INTO footballer (first_name,last_name,country,age,position,team_id) VALUES ('','','',,'',11);
-- INSERT INTO footballer (first_name,last_name,country,age,position,team_id) VALUES ('','','',,'',11);
-- INSERT INTO footballer (first_name,last_name,country,age,position,team_id) VALUES ('','','',,'',11);
-- INSERT INTO footballer (first_name,last_name,country,age,position,team_id) VALUES ('','','',,'',11);
-- INSERT INTO footballer (first_name,last_name,country,age,position,team_id) VALUES ('','','',,'',11);
-- INSERT INTO footballer (first_name,last_name,country,age,position,team_id) VALUES ('','','',,'',11);
-- INSERT INTO footballer (first_name,last_name,country,age,position,team_id) VALUES ('','','',,'',11);
-- INSERT INTO footballer (first_name,last_name,country,age,position,team_id) VALUES ('','','',,'',11);
-- INSERT INTO footballer (first_name,last_name,country,age,position,team_id) VALUES ('','','',,'',11);
-- INSERT INTO footballer (first_name,last_name,country,age,position,team_id) VALUES ('','','',,'',11);
-- INSERT INTO footballer (first_name,last_name,country,age,position,team_id) VALUES ('','','',,'',11);
-- INSERT INTO footballer (first_name,last_name,country,age,position,team_id) VALUES ('','','',,'',11);
-- INSERT INTO footballer (first_name,last_name,country,age,position,team_id) VALUES ('','','',,'',11);
-- INSERT INTO footballer (first_name,last_name,country,age,position,team_id) VALUES ('','','',,'',11);
-- INSERT INTO footballer (first_name,last_name,country,age,position,team_id) VALUES ('','','',,'',11);
-- INSERT INTO footballer (first_name,last_name,country,age,position,team_id) VALUES ('','','',,'',11);
-- INSERT INTO footballer (first_name,last_name,country,age,position,team_id) VALUES ('','','',,'',11);
-- INSERT INTO footballer (first_name,last_name,country,age,position,team_id) VALUES ('','','',,'',11);
-- INSERT INTO footballer (first_name,last_name,country,age,position,team_id) VALUES ('','','',,'',11);
-- INSERT INTO footballer (first_name,last_name,country,age,position,team_id) VALUES ('','','',,'',11);
-- INSERT INTO footballer (first_name,last_name,country,age,position,team_id) VALUES ('','','',,'',11);
-- INSERT INTO footballer (first_name,last_name,country,age,position,team_id) VALUES ('','','',,'',11);
-- INSERT INTO footballer (first_name,last_name,country,age,position,team_id) VALUES ('','','',,'',11);
-- INSERT INTO footballer (first_name,last_name,country,age,position,team_id) VALUES ('','','',,'',11);
-- INSERT INTO footballer (first_name,last_name,country,age,position,team_id) VALUES ('','','',,'',11);
-- INSERT INTO footballer (first_name,last_name,country,age,position,team_id) VALUES ('','','',,'',11);
-- INSERT INTO footballer (first_name,last_name,country,age,position,team_id) VALUES ('','','',,'',11);
-- INSERT INTO footballer (first_name,last_name,country,age,position,team_id) VALUES ('','','',,'',11);
-- INSERT INTO footballer (first_name,last_name,country,age,position,team_id) VALUES ('','','',,'',11);
-- INSERT INTO footballer (first_name,last_name,country,age,position,team_id) VALUES ('','','',,'',11);
-- INSERT INTO footballer (first_name,last_name,country,age,position,team_id) VALUES ('','','',,'',11);
-- INSERT INTO footballer (first_name,last_name,country,age,position,team_id) VALUES ('','','',,'',11);
-- INSERT INTO footballer (first_name,last_name,country,age,position,team_id) VALUES ('','','',,'',11);
-- INSERT INTO footballer (first_name,last_name,country,age,position,team_id) VALUES ('','','',,'',11);
--
-- INSERT INTO footballer (first_name,last_name,country,age,position,team_id) VALUES ('','','',,'',12);
-- INSERT INTO footballer (first_name,last_name,country,age,position,team_id) VALUES ('','','',,'',12);
-- INSERT INTO footballer (first_name,last_name,country,age,position,team_id) VALUES ('','','',,'',12);
-- INSERT INTO footballer (first_name,last_name,country,age,position,team_id) VALUES ('','','',,'',12);
-- INSERT INTO footballer (first_name,last_name,country,age,position,team_id) VALUES ('','','',,'',12);
-- INSERT INTO footballer (first_name,last_name,country,age,position,team_id) VALUES ('','','',,'',12);
-- INSERT INTO footballer (first_name,last_name,country,age,position,team_id) VALUES ('','','',,'',12);
-- INSERT INTO footballer (first_name,last_name,country,age,position,team_id) VALUES ('','','',,'',12);
-- INSERT INTO footballer (first_name,last_name,country,age,position,team_id) VALUES ('','','',,'',12);
-- INSERT INTO footballer (first_name,last_name,country,age,position,team_id) VALUES ('','','',,'',12);
-- INSERT INTO footballer (first_name,last_name,country,age,position,team_id) VALUES ('','','',,'',12);
-- INSERT INTO footballer (first_name,last_name,country,age,position,team_id) VALUES ('','','',,'',12);
-- INSERT INTO footballer (first_name,last_name,country,age,position,team_id) VALUES ('','','',,'',12);
-- INSERT INTO footballer (first_name,last_name,country,age,position,team_id) VALUES ('','','',,'',12);
-- INSERT INTO footballer (first_name,last_name,country,age,position,team_id) VALUES ('','','',,'',12);
-- INSERT INTO footballer (first_name,last_name,country,age,position,team_id) VALUES ('','','',,'',12);
-- INSERT INTO footballer (first_name,last_name,country,age,position,team_id) VALUES ('','','',,'',12);
-- INSERT INTO footballer (first_name,last_name,country,age,position,team_id) VALUES ('','','',,'',12);
-- INSERT INTO footballer (first_name,last_name,country,age,position,team_id) VALUES ('','','',,'',12);
-- INSERT INTO footballer (first_name,last_name,country,age,position,team_id) VALUES ('','','',,'',12);
-- INSERT INTO footballer (first_name,last_name,country,age,position,team_id) VALUES ('','','',,'',12);
-- INSERT INTO footballer (first_name,last_name,country,age,position,team_id) VALUES ('','','',,'',12);
-- INSERT INTO footballer (first_name,last_name,country,age,position,team_id) VALUES ('','','',,'',12);
-- INSERT INTO footballer (first_name,last_name,country,age,position,team_id) VALUES ('','','',,'',12);
-- INSERT INTO footballer (first_name,last_name,country,age,position,team_id) VALUES ('','','',,'',12);
-- INSERT INTO footballer (first_name,last_name,country,age,position,team_id) VALUES ('','','',,'',12);
-- INSERT INTO footballer (first_name,last_name,country,age,position,team_id) VALUES ('','','',,'',12);
-- INSERT INTO footballer (first_name,last_name,country,age,position,team_id) VALUES ('','','',,'',12);
-- INSERT INTO footballer (first_name,last_name,country,age,position,team_id) VALUES ('','','',,'',12);
-- INSERT INTO footballer (first_name,last_name,country,age,position,team_id) VALUES ('','','',,'',12);
-- INSERT INTO footballer (first_name,last_name,country,age,position,team_id) VALUES ('','','',,'',12);
-- INSERT INTO footballer (first_name,last_name,country,age,position,team_id) VALUES ('','','',,'',12);
-- INSERT INTO footballer (first_name,last_name,country,age,position,team_id) VALUES ('','','',,'',12);
-- INSERT INTO footballer (first_name,last_name,country,age,position,team_id) VALUES ('','','',,'',12);
-- INSERT INTO footballer (first_name,last_name,country,age,position,team_id) VALUES ('','','',,'',12);
--
-- INSERT INTO footballer (first_name,last_name,country,age,position,team_id) VALUES ('','','',,'',13);
-- INSERT INTO footballer (first_name,last_name,country,age,position,team_id) VALUES ('','','',,'',13);
-- INSERT INTO footballer (first_name,last_name,country,age,position,team_id) VALUES ('','','',,'',13);
-- INSERT INTO footballer (first_name,last_name,country,age,position,team_id) VALUES ('','','',,'',13);
-- INSERT INTO footballer (first_name,last_name,country,age,position,team_id) VALUES ('','','',,'',13);
-- INSERT INTO footballer (first_name,last_name,country,age,position,team_id) VALUES ('','','',,'',13);
-- INSERT INTO footballer (first_name,last_name,country,age,position,team_id) VALUES ('','','',,'',13);
-- INSERT INTO footballer (first_name,last_name,country,age,position,team_id) VALUES ('','','',,'',13);
-- INSERT INTO footballer (first_name,last_name,country,age,position,team_id) VALUES ('','','',,'',13);
-- INSERT INTO footballer (first_name,last_name,country,age,position,team_id) VALUES ('','','',,'',13);
-- INSERT INTO footballer (first_name,last_name,country,age,position,team_id) VALUES ('','','',,'',13);
-- INSERT INTO footballer (first_name,last_name,country,age,position,team_id) VALUES ('','','',,'',13);
-- INSERT INTO footballer (first_name,last_name,country,age,position,team_id) VALUES ('','','',,'',13);
-- INSERT INTO footballer (first_name,last_name,country,age,position,team_id) VALUES ('','','',,'',13);
-- INSERT INTO footballer (first_name,last_name,country,age,position,team_id) VALUES ('','','',,'',13);
-- INSERT INTO footballer (first_name,last_name,country,age,position,team_id) VALUES ('','','',,'',13);
-- INSERT INTO footballer (first_name,last_name,country,age,position,team_id) VALUES ('','','',,'',13);
-- INSERT INTO footballer (first_name,last_name,country,age,position,team_id) VALUES ('','','',,'',13);
-- INSERT INTO footballer (first_name,last_name,country,age,position,team_id) VALUES ('','','',,'',13);
-- INSERT INTO footballer (first_name,last_name,country,age,position,team_id) VALUES ('','','',,'',13);
-- INSERT INTO footballer (first_name,last_name,country,age,position,team_id) VALUES ('','','',,'',13);
-- INSERT INTO footballer (first_name,last_name,country,age,position,team_id) VALUES ('','','',,'',13);
-- INSERT INTO footballer (first_name,last_name,country,age,position,team_id) VALUES ('','','',,'',13);
-- INSERT INTO footballer (first_name,last_name,country,age,position,team_id) VALUES ('','','',,'',13);
-- INSERT INTO footballer (first_name,last_name,country,age,position,team_id) VALUES ('','','',,'',13);
-- INSERT INTO footballer (first_name,last_name,country,age,position,team_id) VALUES ('','','',,'',13);
-- INSERT INTO footballer (first_name,last_name,country,age,position,team_id) VALUES ('','','',,'',13);
-- INSERT INTO footballer (first_name,last_name,country,age,position,team_id) VALUES ('','','',,'',13);
-- INSERT INTO footballer (first_name,last_name,country,age,position,team_id) VALUES ('','','',,'',13);
-- INSERT INTO footballer (first_name,last_name,country,age,position,team_id) VALUES ('','','',,'',13);
-- INSERT INTO footballer (first_name,last_name,country,age,position,team_id) VALUES ('','','',,'',13);
-- INSERT INTO footballer (first_name,last_name,country,age,position,team_id) VALUES ('','','',,'',13);
-- INSERT INTO footballer (first_name,last_name,country,age,position,team_id) VALUES ('','','',,'',13);
-- INSERT INTO footballer (first_name,last_name,country,age,position,team_id) VALUES ('','','',,'',13);
-- INSERT INTO footballer (first_name,last_name,country,age,position,team_id) VALUES ('','','',,'',13);
--
-- INSERT INTO footballer (first_name,last_name,country,age,position,team_id) VALUES ('','','',,'',14);
-- INSERT INTO footballer (first_name,last_name,country,age,position,team_id) VALUES ('','','',,'',14);
-- INSERT INTO footballer (first_name,last_name,country,age,position,team_id) VALUES ('','','',,'',14);
-- INSERT INTO footballer (first_name,last_name,country,age,position,team_id) VALUES ('','','',,'',14);
-- INSERT INTO footballer (first_name,last_name,country,age,position,team_id) VALUES ('','','',,'',14);
-- INSERT INTO footballer (first_name,last_name,country,age,position,team_id) VALUES ('','','',,'',14);
-- INSERT INTO footballer (first_name,last_name,country,age,position,team_id) VALUES ('','','',,'',14);
-- INSERT INTO footballer (first_name,last_name,country,age,position,team_id) VALUES ('','','',,'',14);
-- INSERT INTO footballer (first_name,last_name,country,age,position,team_id) VALUES ('','','',,'',14);
-- INSERT INTO footballer (first_name,last_name,country,age,position,team_id) VALUES ('','','',,'',14);
-- INSERT INTO footballer (first_name,last_name,country,age,position,team_id) VALUES ('','','',,'',14);
-- INSERT INTO footballer (first_name,last_name,country,age,position,team_id) VALUES ('','','',,'',14);
-- INSERT INTO footballer (first_name,last_name,country,age,position,team_id) VALUES ('','','',,'',14);
-- INSERT INTO footballer (first_name,last_name,country,age,position,team_id) VALUES ('','','',,'',14);
-- INSERT INTO footballer (first_name,last_name,country,age,position,team_id) VALUES ('','','',,'',14);
-- INSERT INTO footballer (first_name,last_name,country,age,position,team_id) VALUES ('','','',,'',14);
-- INSERT INTO footballer (first_name,last_name,country,age,position,team_id) VALUES ('','','',,'',14);
-- INSERT INTO footballer (first_name,last_name,country,age,position,team_id) VALUES ('','','',,'',14);
-- INSERT INTO footballer (first_name,last_name,country,age,position,team_id) VALUES ('','','',,'',14);
-- INSERT INTO footballer (first_name,last_name,country,age,position,team_id) VALUES ('','','',,'',14);
-- INSERT INTO footballer (first_name,last_name,country,age,position,team_id) VALUES ('','','',,'',14);
-- INSERT INTO footballer (first_name,last_name,country,age,position,team_id) VALUES ('','','',,'',14);
-- INSERT INTO footballer (first_name,last_name,country,age,position,team_id) VALUES ('','','',,'',14);
-- INSERT INTO footballer (first_name,last_name,country,age,position,team_id) VALUES ('','','',,'',14);
-- INSERT INTO footballer (first_name,last_name,country,age,position,team_id) VALUES ('','','',,'',14);
-- INSERT INTO footballer (first_name,last_name,country,age,position,team_id) VALUES ('','','',,'',14);
-- INSERT INTO footballer (first_name,last_name,country,age,position,team_id) VALUES ('','','',,'',14);
-- INSERT INTO footballer (first_name,last_name,country,age,position,team_id) VALUES ('','','',,'',14);
-- INSERT INTO footballer (first_name,last_name,country,age,position,team_id) VALUES ('','','',,'',14);
-- INSERT INTO footballer (first_name,last_name,country,age,position,team_id) VALUES ('','','',,'',14);
-- INSERT INTO footballer (first_name,last_name,country,age,position,team_id) VALUES ('','','',,'',14);
-- INSERT INTO footballer (first_name,last_name,country,age,position,team_id) VALUES ('','','',,'',14);
-- INSERT INTO footballer (first_name,last_name,country,age,position,team_id) VALUES ('','','',,'',14);
-- INSERT INTO footballer (first_name,last_name,country,age,position,team_id) VALUES ('','','',,'',14);
-- INSERT INTO footballer (first_name,last_name,country,age,position,team_id) VALUES ('','','',,'',14);
--
-- INSERT INTO footballer (first_name,last_name,country,age,position,team_id) VALUES ('','','',,'',16);
-- INSERT INTO footballer (first_name,last_name,country,age,position,team_id) VALUES ('','','',,'',16);
-- INSERT INTO footballer (first_name,last_name,country,age,position,team_id) VALUES ('','','',,'',16);
-- INSERT INTO footballer (first_name,last_name,country,age,position,team_id) VALUES ('','','',,'',16);
-- INSERT INTO footballer (first_name,last_name,country,age,position,team_id) VALUES ('','','',,'',16);
-- INSERT INTO footballer (first_name,last_name,country,age,position,team_id) VALUES ('','','',,'',16);
-- INSERT INTO footballer (first_name,last_name,country,age,position,team_id) VALUES ('','','',,'',16);
-- INSERT INTO footballer (first_name,last_name,country,age,position,team_id) VALUES ('','','',,'',16);
-- INSERT INTO footballer (first_name,last_name,country,age,position,team_id) VALUES ('','','',,'',16);
-- INSERT INTO footballer (first_name,last_name,country,age,position,team_id) VALUES ('','','',,'',16);
-- INSERT INTO footballer (first_name,last_name,country,age,position,team_id) VALUES ('','','',,'',16);
-- INSERT INTO footballer (first_name,last_name,country,age,position,team_id) VALUES ('','','',,'',16);
-- INSERT INTO footballer (first_name,last_name,country,age,position,team_id) VALUES ('','','',,'',16);
-- INSERT INTO footballer (first_name,last_name,country,age,position,team_id) VALUES ('','','',,'',16);
-- INSERT INTO footballer (first_name,last_name,country,age,position,team_id) VALUES ('','','',,'',16);
-- INSERT INTO footballer (first_name,last_name,country,age,position,team_id) VALUES ('','','',,'',16);
-- INSERT INTO footballer (first_name,last_name,country,age,position,team_id) VALUES ('','','',,'',16);
-- INSERT INTO footballer (first_name,last_name,country,age,position,team_id) VALUES ('','','',,'',16);
-- INSERT INTO footballer (first_name,last_name,country,age,position,team_id) VALUES ('','','',,'',16);
-- INSERT INTO footballer (first_name,last_name,country,age,position,team_id) VALUES ('','','',,'',16);
-- INSERT INTO footballer (first_name,last_name,country,age,position,team_id) VALUES ('','','',,'',16);
-- INSERT INTO footballer (first_name,last_name,country,age,position,team_id) VALUES ('','','',,'',16);
-- INSERT INTO footballer (first_name,last_name,country,age,position,team_id) VALUES ('','','',,'',16);
-- INSERT INTO footballer (first_name,last_name,country,age,position,team_id) VALUES ('','','',,'',16);
-- INSERT INTO footballer (first_name,last_name,country,age,position,team_id) VALUES ('','','',,'',16);
-- INSERT INTO footballer (first_name,last_name,country,age,position,team_id) VALUES ('','','',,'',16);
-- INSERT INTO footballer (first_name,last_name,country,age,position,team_id) VALUES ('','','',,'',16);
-- INSERT INTO footballer (first_name,last_name,country,age,position,team_id) VALUES ('','','',,'',16);
-- INSERT INTO footballer (first_name,last_name,country,age,position,team_id) VALUES ('','','',,'',16);
-- INSERT INTO footballer (first_name,last_name,country,age,position,team_id) VALUES ('','','',,'',16);
-- INSERT INTO footballer (first_name,last_name,country,age,position,team_id) VALUES ('','','',,'',16);
-- INSERT INTO footballer (first_name,last_name,country,age,position,team_id) VALUES ('','','',,'',16);
-- INSERT INTO footballer (first_name,last_name,country,age,position,team_id) VALUES ('','','',,'',16);
-- INSERT INTO footballer (first_name,last_name,country,age,position,team_id) VALUES ('','','',,'',16);
-- INSERT INTO footballer (first_name,last_name,country,age,position,team_id) VALUES ('','','',,'',16);
--
-- INSERT INTO footballer (first_name,last_name,country,age,position,team_id) VALUES ('','','',,'',17);
-- INSERT INTO footballer (first_name,last_name,country,age,position,team_id) VALUES ('','','',,'',17);
-- INSERT INTO footballer (first_name,last_name,country,age,position,team_id) VALUES ('','','',,'',17);
-- INSERT INTO footballer (first_name,last_name,country,age,position,team_id) VALUES ('','','',,'',17);
-- INSERT INTO footballer (first_name,last_name,country,age,position,team_id) VALUES ('','','',,'',17);
-- INSERT INTO footballer (first_name,last_name,country,age,position,team_id) VALUES ('','','',,'',17);
-- INSERT INTO footballer (first_name,last_name,country,age,position,team_id) VALUES ('','','',,'',17);
-- INSERT INTO footballer (first_name,last_name,country,age,position,team_id) VALUES ('','','',,'',17);
-- INSERT INTO footballer (first_name,last_name,country,age,position,team_id) VALUES ('','','',,'',17);
-- INSERT INTO footballer (first_name,last_name,country,age,position,team_id) VALUES ('','','',,'',17);
-- INSERT INTO footballer (first_name,last_name,country,age,position,team_id) VALUES ('','','',,'',17);
-- INSERT INTO footballer (first_name,last_name,country,age,position,team_id) VALUES ('','','',,'',17);
-- INSERT INTO footballer (first_name,last_name,country,age,position,team_id) VALUES ('','','',,'',17);
-- INSERT INTO footballer (first_name,last_name,country,age,position,team_id) VALUES ('','','',,'',17);
-- INSERT INTO footballer (first_name,last_name,country,age,position,team_id) VALUES ('','','',,'',17);
-- INSERT INTO footballer (first_name,last_name,country,age,position,team_id) VALUES ('','','',,'',17);
-- INSERT INTO footballer (first_name,last_name,country,age,position,team_id) VALUES ('','','',,'',17);
-- INSERT INTO footballer (first_name,last_name,country,age,position,team_id) VALUES ('','','',,'',17);
-- INSERT INTO footballer (first_name,last_name,country,age,position,team_id) VALUES ('','','',,'',17);
-- INSERT INTO footballer (first_name,last_name,country,age,position,team_id) VALUES ('','','',,'',17);
-- INSERT INTO footballer (first_name,last_name,country,age,position,team_id) VALUES ('','','',,'',17);
-- INSERT INTO footballer (first_name,last_name,country,age,position,team_id) VALUES ('','','',,'',17);
-- INSERT INTO footballer (first_name,last_name,country,age,position,team_id) VALUES ('','','',,'',17);
-- INSERT INTO footballer (first_name,last_name,country,age,position,team_id) VALUES ('','','',,'',17);
-- INSERT INTO footballer (first_name,last_name,country,age,position,team_id) VALUES ('','','',,'',17);
-- INSERT INTO footballer (first_name,last_name,country,age,position,team_id) VALUES ('','','',,'',17);
-- INSERT INTO footballer (first_name,last_name,country,age,position,team_id) VALUES ('','','',,'',17);
-- INSERT INTO footballer (first_name,last_name,country,age,position,team_id) VALUES ('','','',,'',17);
-- INSERT INTO footballer (first_name,last_name,country,age,position,team_id) VALUES ('','','',,'',17);
-- INSERT INTO footballer (first_name,last_name,country,age,position,team_id) VALUES ('','','',,'',17);
-- INSERT INTO footballer (first_name,last_name,country,age,position,team_id) VALUES ('','','',,'',17);
-- INSERT INTO footballer (first_name,last_name,country,age,position,team_id) VALUES ('','','',,'',17);
-- INSERT INTO footballer (first_name,last_name,country,age,position,team_id) VALUES ('','','',,'',17);
-- INSERT INTO footballer (first_name,last_name,country,age,position,team_id) VALUES ('','','',,'',17);
-- INSERT INTO footballer (first_name,last_name,country,age,position,team_id) VALUES ('','','',,'',17);
--
-- INSERT INTO footballer (first_name,last_name,country,age,position,team_id) VALUES ('','','',,'',18);
-- INSERT INTO footballer (first_name,last_name,country,age,position,team_id) VALUES ('','','',,'',18);
-- INSERT INTO footballer (first_name,last_name,country,age,position,team_id) VALUES ('','','',,'',18);
-- INSERT INTO footballer (first_name,last_name,country,age,position,team_id) VALUES ('','','',,'',18);
-- INSERT INTO footballer (first_name,last_name,country,age,position,team_id) VALUES ('','','',,'',18);
-- INSERT INTO footballer (first_name,last_name,country,age,position,team_id) VALUES ('','','',,'',18);
-- INSERT INTO footballer (first_name,last_name,country,age,position,team_id) VALUES ('','','',,'',18);
-- INSERT INTO footballer (first_name,last_name,country,age,position,team_id) VALUES ('','','',,'',18);
-- INSERT INTO footballer (first_name,last_name,country,age,position,team_id) VALUES ('','','',,'',18);
-- INSERT INTO footballer (first_name,last_name,country,age,position,team_id) VALUES ('','','',,'',18);
-- INSERT INTO footballer (first_name,last_name,country,age,position,team_id) VALUES ('','','',,'',18);
-- INSERT INTO footballer (first_name,last_name,country,age,position,team_id) VALUES ('','','',,'',18);
-- INSERT INTO footballer (first_name,last_name,country,age,position,team_id) VALUES ('','','',,'',18);
-- INSERT INTO footballer (first_name,last_name,country,age,position,team_id) VALUES ('','','',,'',18);
-- INSERT INTO footballer (first_name,last_name,country,age,position,team_id) VALUES ('','','',,'',18);
-- INSERT INTO footballer (first_name,last_name,country,age,position,team_id) VALUES ('','','',,'',18);
-- INSERT INTO footballer (first_name,last_name,country,age,position,team_id) VALUES ('','','',,'',18);
-- INSERT INTO footballer (first_name,last_name,country,age,position,team_id) VALUES ('','','',,'',18);
-- INSERT INTO footballer (first_name,last_name,country,age,position,team_id) VALUES ('','','',,'',18);
-- INSERT INTO footballer (first_name,last_name,country,age,position,team_id) VALUES ('','','',,'',18);
-- INSERT INTO footballer (first_name,last_name,country,age,position,team_id) VALUES ('','','',,'',18);
-- INSERT INTO footballer (first_name,last_name,country,age,position,team_id) VALUES ('','','',,'',18);
-- INSERT INTO footballer (first_name,last_name,country,age,position,team_id) VALUES ('','','',,'',18);
-- INSERT INTO footballer (first_name,last_name,country,age,position,team_id) VALUES ('','','',,'',18);
-- INSERT INTO footballer (first_name,last_name,country,age,position,team_id) VALUES ('','','',,'',18);
-- INSERT INTO footballer (first_name,last_name,country,age,position,team_id) VALUES ('','','',,'',18);
-- INSERT INTO footballer (first_name,last_name,country,age,position,team_id) VALUES ('','','',,'',18);
-- INSERT INTO footballer (first_name,last_name,country,age,position,team_id) VALUES ('','','',,'',18);
-- INSERT INTO footballer (first_name,last_name,country,age,position,team_id) VALUES ('','','',,'',18);
-- INSERT INTO footballer (first_name,last_name,country,age,position,team_id) VALUES ('','','',,'',18);
-- INSERT INTO footballer (first_name,last_name,country,age,position,team_id) VALUES ('','','',,'',18);
-- INSERT INTO footballer (first_name,last_name,country,age,position,team_id) VALUES ('','','',,'',18);
-- INSERT INTO footballer (first_name,last_name,country,age,position,team_id) VALUES ('','','',,'',18);
-- INSERT INTO footballer (first_name,last_name,country,age,position,team_id) VALUES ('','','',,'',18);
-- INSERT INTO footballer (first_name,last_name,country,age,position,team_id) VALUES ('','','',,'',18);
--
-- INSERT INTO footballer (first_name,last_name,country,age,position,team_id) VALUES ('','','',,'',19);
-- INSERT INTO footballer (first_name,last_name,country,age,position,team_id) VALUES ('','','',,'',19);
-- INSERT INTO footballer (first_name,last_name,country,age,position,team_id) VALUES ('','','',,'',19);
-- INSERT INTO footballer (first_name,last_name,country,age,position,team_id) VALUES ('','','',,'',19);
-- INSERT INTO footballer (first_name,last_name,country,age,position,team_id) VALUES ('','','',,'',19);
-- INSERT INTO footballer (first_name,last_name,country,age,position,team_id) VALUES ('','','',,'',19);
-- INSERT INTO footballer (first_name,last_name,country,age,position,team_id) VALUES ('','','',,'',19);
-- INSERT INTO footballer (first_name,last_name,country,age,position,team_id) VALUES ('','','',,'',19);
-- INSERT INTO footballer (first_name,last_name,country,age,position,team_id) VALUES ('','','',,'',19);
-- INSERT INTO footballer (first_name,last_name,country,age,position,team_id) VALUES ('','','',,'',19);
-- INSERT INTO footballer (first_name,last_name,country,age,position,team_id) VALUES ('','','',,'',19);
-- INSERT INTO footballer (first_name,last_name,country,age,position,team_id) VALUES ('','','',,'',19);
-- INSERT INTO footballer (first_name,last_name,country,age,position,team_id) VALUES ('','','',,'',19);
-- INSERT INTO footballer (first_name,last_name,country,age,position,team_id) VALUES ('','','',,'',19);
-- INSERT INTO footballer (first_name,last_name,country,age,position,team_id) VALUES ('','','',,'',19);
-- INSERT INTO footballer (first_name,last_name,country,age,position,team_id) VALUES ('','','',,'',19);
-- INSERT INTO footballer (first_name,last_name,country,age,position,team_id) VALUES ('','','',,'',19);
-- INSERT INTO footballer (first_name,last_name,country,age,position,team_id) VALUES ('','','',,'',19);
-- INSERT INTO footballer (first_name,last_name,country,age,position,team_id) VALUES ('','','',,'',19);
-- INSERT INTO footballer (first_name,last_name,country,age,position,team_id) VALUES ('','','',,'',19);
-- INSERT INTO footballer (first_name,last_name,country,age,position,team_id) VALUES ('','','',,'',19);
-- INSERT INTO footballer (first_name,last_name,country,age,position,team_id) VALUES ('','','',,'',19);
-- INSERT INTO footballer (first_name,last_name,country,age,position,team_id) VALUES ('','','',,'',19);
-- INSERT INTO footballer (first_name,last_name,country,age,position,team_id) VALUES ('','','',,'',19);
-- INSERT INTO footballer (first_name,last_name,country,age,position,team_id) VALUES ('','','',,'',19);
-- INSERT INTO footballer (first_name,last_name,country,age,position,team_id) VALUES ('','','',,'',19);
-- INSERT INTO footballer (first_name,last_name,country,age,position,team_id) VALUES ('','','',,'',19);
-- INSERT INTO footballer (first_name,last_name,country,age,position,team_id) VALUES ('','','',,'',19);
-- INSERT INTO footballer (first_name,last_name,country,age,position,team_id) VALUES ('','','',,'',19);
-- INSERT INTO footballer (first_name,last_name,country,age,position,team_id) VALUES ('','','',,'',19);
-- INSERT INTO footballer (first_name,last_name,country,age,position,team_id) VALUES ('','','',,'',19);
-- INSERT INTO footballer (first_name,last_name,country,age,position,team_id) VALUES ('','','',,'',19);
-- INSERT INTO footballer (first_name,last_name,country,age,position,team_id) VALUES ('','','',,'',19);
-- INSERT INTO footballer (first_name,last_name,country,age,position,team_id) VALUES ('','','',,'',19);
-- INSERT INTO footballer (first_name,last_name,country,age,position,team_id) VALUES ('','','',,'',19);
--
-- INSERT INTO footballer (first_name,last_name,country,age,position,team_id) VALUES ('','','',,'',20);
-- INSERT INTO footballer (first_name,last_name,country,age,position,team_id) VALUES ('','','',,'',20);
-- INSERT INTO footballer (first_name,last_name,country,age,position,team_id) VALUES ('','','',,'',20);
-- INSERT INTO footballer (first_name,last_name,country,age,position,team_id) VALUES ('','','',,'',20);
-- INSERT INTO footballer (first_name,last_name,country,age,position,team_id) VALUES ('','','',,'',20);
-- INSERT INTO footballer (first_name,last_name,country,age,position,team_id) VALUES ('','','',,'',20);
-- INSERT INTO footballer (first_name,last_name,country,age,position,team_id) VALUES ('','','',,'',20);
-- INSERT INTO footballer (first_name,last_name,country,age,position,team_id) VALUES ('','','',,'',20);
-- INSERT INTO footballer (first_name,last_name,country,age,position,team_id) VALUES ('','','',,'',20);
-- INSERT INTO footballer (first_name,last_name,country,age,position,team_id) VALUES ('','','',,'',20);
-- INSERT INTO footballer (first_name,last_name,country,age,position,team_id) VALUES ('','','',,'',20);
-- INSERT INTO footballer (first_name,last_name,country,age,position,team_id) VALUES ('','','',,'',20);
-- INSERT INTO footballer (first_name,last_name,country,age,position,team_id) VALUES ('','','',,'',20);
-- INSERT INTO footballer (first_name,last_name,country,age,position,team_id) VALUES ('','','',,'',20);
-- INSERT INTO footballer (first_name,last_name,country,age,position,team_id) VALUES ('','','',,'',20);
-- INSERT INTO footballer (first_name,last_name,country,age,position,team_id) VALUES ('','','',,'',20);
-- INSERT INTO footballer (first_name,last_name,country,age,position,team_id) VALUES ('','','',,'',20);
-- INSERT INTO footballer (first_name,last_name,country,age,position,team_id) VALUES ('','','',,'',20);
-- INSERT INTO footballer (first_name,last_name,country,age,position,team_id) VALUES ('','','',,'',20);
-- INSERT INTO footballer (first_name,last_name,country,age,position,team_id) VALUES ('','','',,'',20);
-- INSERT INTO footballer (first_name,last_name,country,age,position,team_id) VALUES ('','','',,'',20);
-- INSERT INTO footballer (first_name,last_name,country,age,position,team_id) VALUES ('','','',,'',20);
-- INSERT INTO footballer (first_name,last_name,country,age,position,team_id) VALUES ('','','',,'',20);
-- INSERT INTO footballer (first_name,last_name,country,age,position,team_id) VALUES ('','','',,'',20);
-- INSERT INTO footballer (first_name,last_name,country,age,position,team_id) VALUES ('','','',,'',20);
-- INSERT INTO footballer (first_name,last_name,country,age,position,team_id) VALUES ('','','',,'',20);
-- INSERT INTO footballer (first_name,last_name,country,age,position,team_id) VALUES ('','','',,'',20);
-- INSERT INTO footballer (first_name,last_name,country,age,position,team_id) VALUES ('','','',,'',20);
-- INSERT INTO footballer (first_name,last_name,country,age,position,team_id) VALUES ('','','',,'',20);
-- INSERT INTO footballer (first_name,last_name,country,age,position,team_id) VALUES ('','','',,'',20);
-- INSERT INTO footballer (first_name,last_name,country,age,position,team_id) VALUES ('','','',,'',20);
-- INSERT INTO footballer (first_name,last_name,country,age,position,team_id) VALUES ('','','',,'',20);
-- INSERT INTO footballer (first_name,last_name,country,age,position,team_id) VALUES ('','','',,'',20);
-- INSERT INTO footballer (first_name,last_name,country,age,position,team_id) VALUES ('','','',,'',20);
-- INSERT INTO footballer (first_name,last_name,country,age,position,team_id) VALUES ('','','',,'',20);
--
--
-- INSERT INTO footballer (first_name,last_name,country,age,position,team_id) VALUES ('','','',,'',2);
-- INSERT INTO footballer (first_name,last_name,country,age,position,team_id) VALUES ('','','',,'',2);
-- INSERT INTO footballer (first_name,last_name,country,age,position,team_id) VALUES ('','','',,'',2);
-- INSERT INTO footballer (first_name,last_name,country,age,position,team_id) VALUES ('','','',,'',2);
-- INSERT INTO footballer (first_name,last_name,country,age,position,team_id) VALUES ('','','',,'',2);
-- INSERT INTO footballer (first_name,last_name,country,age,position,team_id) VALUES ('','','',,'',2);
-- INSERT INTO footballer (first_name,last_name,country,age,position,team_id) VALUES ('','','',,'',2);
-- INSERT INTO footballer (first_name,last_name,country,age,position,team_id) VALUES ('','','',,'',2);
-- INSERT INTO footballer (first_name,last_name,country,age,position,team_id) VALUES ('','','',,'',2);
-- INSERT INTO footballer (first_name,last_name,country,age,position,team_id) VALUES ('','','',,'',2);
-- INSERT INTO footballer (first_name,last_name,country,age,position,team_id) VALUES ('','','',,'',2);
-- INSERT INTO footballer (first_name,last_name,country,age,position,team_id) VALUES ('','','',,'',2);
-- INSERT INTO footballer (first_name,last_name,country,age,position,team_id) VALUES ('','','',,'',2);
-- INSERT INTO footballer (first_name,last_name,country,age,position,team_id) VALUES ('','','',,'',2);
-- INSERT INTO footballer (first_name,last_name,country,age,position,team_id) VALUES ('','','',,'',2);
-- INSERT INTO footballer (first_name,last_name,country,age,position,team_id) VALUES ('','','',,'',2);
-- INSERT INTO footballer (first_name,last_name,country,age,position,team_id) VALUES ('','','',,'',2);
-- INSERT INTO footballer (first_name,last_name,country,age,position,team_id) VALUES ('','','',,'',2);
-- INSERT INTO footballer (first_name,last_name,country,age,position,team_id) VALUES ('','','',,'',2);
-- INSERT INTO footballer (first_name,last_name,country,age,position,team_id) VALUES ('','','',,'',2);
-- INSERT INTO footballer (first_name,last_name,country,age,position,team_id) VALUES ('','','',,'',2);
-- INSERT INTO footballer (first_name,last_name,country,age,position,team_id) VALUES ('','','',,'',2);
-- INSERT INTO footballer (first_name,last_name,country,age,position,team_id) VALUES ('','','',,'',2);
-- INSERT INTO footballer (first_name,last_name,country,age,position,team_id) VALUES ('','','',,'',2);
-- INSERT INTO footballer (first_name,last_name,country,age,position,team_id) VALUES ('','','',,'',2);
-- INSERT INTO footballer (first_name,last_name,country,age,position,team_id) VALUES ('','','',,'',2);
-- INSERT INTO footballer (first_name,last_name,country,age,position,team_id) VALUES ('','','',,'',2);
-- INSERT INTO footballer (first_name,last_name,country,age,position,team_id) VALUES ('','','',,'',2);
-- INSERT INTO footballer (first_name,last_name,country,age,position,team_id) VALUES ('','','',,'',2);
-- INSERT INTO footballer (first_name,last_name,country,age,position,team_id) VALUES ('','','',,'',2);
-- INSERT INTO footballer (first_name,last_name,country,age,position,team_id) VALUES ('','','',,'',2);
-- INSERT INTO footballer (first_name,last_name,country,age,position,team_id) VALUES ('','','',,'',2);
-- INSERT INTO footballer (first_name,last_name,country,age,position,team_id) VALUES ('','','',,'',2);
-- INSERT INTO footballer (first_name,last_name,country,age,position,team_id) VALUES ('','','',,'',2);
-- INSERT INTO footballer (first_name,last_name,country,age,position,team_id) VALUES ('','','',,'',2);
--
-- INSERT INTO footballer (first_name,last_name,country,age,position,team_id) VALUES ('','','',,'',3);
-- INSERT INTO footballer (first_name,last_name,country,age,position,team_id) VALUES ('','','',,'',3);
-- INSERT INTO footballer (first_name,last_name,country,age,position,team_id) VALUES ('','','',,'',3);
-- INSERT INTO footballer (first_name,last_name,country,age,position,team_id) VALUES ('','','',,'',3);
-- INSERT INTO footballer (first_name,last_name,country,age,position,team_id) VALUES ('','','',,'',3);
-- INSERT INTO footballer (first_name,last_name,country,age,position,team_id) VALUES ('','','',,'',3);
-- INSERT INTO footballer (first_name,last_name,country,age,position,team_id) VALUES ('','','',,'',3);
-- INSERT INTO footballer (first_name,last_name,country,age,position,team_id) VALUES ('','','',,'',3);
-- INSERT INTO footballer (first_name,last_name,country,age,position,team_id) VALUES ('','','',,'',3);
-- INSERT INTO footballer (first_name,last_name,country,age,position,team_id) VALUES ('','','',,'',3);
-- INSERT INTO footballer (first_name,last_name,country,age,position,team_id) VALUES ('','','',,'',3);
-- INSERT INTO footballer (first_name,last_name,country,age,position,team_id) VALUES ('','','',,'',3);
-- INSERT INTO footballer (first_name,last_name,country,age,position,team_id) VALUES ('','','',,'',3);
-- INSERT INTO footballer (first_name,last_name,country,age,position,team_id) VALUES ('','','',,'',3);
-- INSERT INTO footballer (first_name,last_name,country,age,position,team_id) VALUES ('','','',,'',3);
-- INSERT INTO footballer (first_name,last_name,country,age,position,team_id) VALUES ('','','',,'',3);
-- INSERT INTO footballer (first_name,last_name,country,age,position,team_id) VALUES ('','','',,'',3);
-- INSERT INTO footballer (first_name,last_name,country,age,position,team_id) VALUES ('','','',,'',3);
-- INSERT INTO footballer (first_name,last_name,country,age,position,team_id) VALUES ('','','',,'',3);
-- INSERT INTO footballer (first_name,last_name,country,age,position,team_id) VALUES ('','','',,'',3);
-- INSERT INTO footballer (first_name,last_name,country,age,position,team_id) VALUES ('','','',,'',3);
-- INSERT INTO footballer (first_name,last_name,country,age,position,team_id) VALUES ('','','',,'',3);
-- INSERT INTO footballer (first_name,last_name,country,age,position,team_id) VALUES ('','','',,'',3);
-- INSERT INTO footballer (first_name,last_name,country,age,position,team_id) VALUES ('','','',,'',3);
-- INSERT INTO footballer (first_name,last_name,country,age,position,team_id) VALUES ('','','',,'',3);
-- INSERT INTO footballer (first_name,last_name,country,age,position,team_id) VALUES ('','','',,'',3);
-- INSERT INTO footballer (first_name,last_name,country,age,position,team_id) VALUES ('','','',,'',3);
-- INSERT INTO footballer (first_name,last_name,country,age,position,team_id) VALUES ('','','',,'',3);
-- INSERT INTO footballer (first_name,last_name,country,age,position,team_id) VALUES ('','','',,'',3);
-- INSERT INTO footballer (first_name,last_name,country,age,position,team_id) VALUES ('','','',,'',3);
-- INSERT INTO footballer (first_name,last_name,country,age,position,team_id) VALUES ('','','',,'',3);
-- INSERT INTO footballer (first_name,last_name,country,age,position,team_id) VALUES ('','','',,'',3);
-- INSERT INTO footballer (first_name,last_name,country,age,position,team_id) VALUES ('','','',,'',3);
-- INSERT INTO footballer (first_name,last_name,country,age,position,team_id) VALUES ('','','',,'',3);
-- INSERT INTO footballer (first_name,last_name,country,age,position,team_id) VALUES ('','','',,'',3);
--
-- INSERT INTO footballer (first_name,last_name,country,age,position,team_id) VALUES ('','','',,'',4);
-- INSERT INTO footballer (first_name,last_name,country,age,position,team_id) VALUES ('','','',,'',4);
-- INSERT INTO footballer (first_name,last_name,country,age,position,team_id) VALUES ('','','',,'',4);
-- INSERT INTO footballer (first_name,last_name,country,age,position,team_id) VALUES ('','','',,'',4);
-- INSERT INTO footballer (first_name,last_name,country,age,position,team_id) VALUES ('','','',,'',4);
-- INSERT INTO footballer (first_name,last_name,country,age,position,team_id) VALUES ('','','',,'',4);
-- INSERT INTO footballer (first_name,last_name,country,age,position,team_id) VALUES ('','','',,'',4);
-- INSERT INTO footballer (first_name,last_name,country,age,position,team_id) VALUES ('','','',,'',4);
-- INSERT INTO footballer (first_name,last_name,country,age,position,team_id) VALUES ('','','',,'',4);
-- INSERT INTO footballer (first_name,last_name,country,age,position,team_id) VALUES ('','','',,'',4);
-- INSERT INTO footballer (first_name,last_name,country,age,position,team_id) VALUES ('','','',,'',4);
-- INSERT INTO footballer (first_name,last_name,country,age,position,team_id) VALUES ('','','',,'',4);
-- INSERT INTO footballer (first_name,last_name,country,age,position,team_id) VALUES ('','','',,'',4);
-- INSERT INTO footballer (first_name,last_name,country,age,position,team_id) VALUES ('','','',,'',4);
-- INSERT INTO footballer (first_name,last_name,country,age,position,team_id) VALUES ('','','',,'',4);
-- INSERT INTO footballer (first_name,last_name,country,age,position,team_id) VALUES ('','','',,'',4);
-- INSERT INTO footballer (first_name,last_name,country,age,position,team_id) VALUES ('','','',,'',4);
-- INSERT INTO footballer (first_name,last_name,country,age,position,team_id) VALUES ('','','',,'',4);
-- INSERT INTO footballer (first_name,last_name,country,age,position,team_id) VALUES ('','','',,'',4);
-- INSERT INTO footballer (first_name,last_name,country,age,position,team_id) VALUES ('','','',,'',4);
-- INSERT INTO footballer (first_name,last_name,country,age,position,team_id) VALUES ('','','',,'',4);
-- INSERT INTO footballer (first_name,last_name,country,age,position,team_id) VALUES ('','','',,'',4);
-- INSERT INTO footballer (first_name,last_name,country,age,position,team_id) VALUES ('','','',,'',4);
-- INSERT INTO footballer (first_name,last_name,country,age,position,team_id) VALUES ('','','',,'',4);
-- INSERT INTO footballer (first_name,last_name,country,age,position,team_id) VALUES ('','','',,'',4);
-- INSERT INTO footballer (first_name,last_name,country,age,position,team_id) VALUES ('','','',,'',4);
-- INSERT INTO footballer (first_name,last_name,country,age,position,team_id) VALUES ('','','',,'',4);
-- INSERT INTO footballer (first_name,last_name,country,age,position,team_id) VALUES ('','','',,'',4);
-- INSERT INTO footballer (first_name,last_name,country,age,position,team_id) VALUES ('','','',,'',4);
-- INSERT INTO footballer (first_name,last_name,country,age,position,team_id) VALUES ('','','',,'',4);
-- INSERT INTO footballer (first_name,last_name,country,age,position,team_id) VALUES ('','','',,'',4);
-- INSERT INTO footballer (first_name,last_name,country,age,position,team_id) VALUES ('','','',,'',4);
-- INSERT INTO footballer (first_name,last_name,country,age,position,team_id) VALUES ('','','',,'',4);
-- INSERT INTO footballer (first_name,last_name,country,age,position,team_id) VALUES ('','','',,'',4);
-- INSERT INTO footballer (first_name,last_name,country,age,position,team_id) VALUES ('','','',,'',4);
--
-- INSERT INTO footballer (first_name,last_name,country,age,position,team_id) VALUES ('','','',,'',5);
-- INSERT INTO footballer (first_name,last_name,country,age,position,team_id) VALUES ('','','',,'',5);
-- INSERT INTO footballer (first_name,last_name,country,age,position,team_id) VALUES ('','','',,'',5);
-- INSERT INTO footballer (first_name,last_name,country,age,position,team_id) VALUES ('','','',,'',5);
-- INSERT INTO footballer (first_name,last_name,country,age,position,team_id) VALUES ('','','',,'',5);
-- INSERT INTO footballer (first_name,last_name,country,age,position,team_id) VALUES ('','','',,'',5);
-- INSERT INTO footballer (first_name,last_name,country,age,position,team_id) VALUES ('','','',,'',5);
-- INSERT INTO footballer (first_name,last_name,country,age,position,team_id) VALUES ('','','',,'',5);
-- INSERT INTO footballer (first_name,last_name,country,age,position,team_id) VALUES ('','','',,'',5);
-- INSERT INTO footballer (first_name,last_name,country,age,position,team_id) VALUES ('','','',,'',5);
-- INSERT INTO footballer (first_name,last_name,country,age,position,team_id) VALUES ('','','',,'',5);
-- INSERT INTO footballer (first_name,last_name,country,age,position,team_id) VALUES ('','','',,'',5);
-- INSERT INTO footballer (first_name,last_name,country,age,position,team_id) VALUES ('','','',,'',5);
-- INSERT INTO footballer (first_name,last_name,country,age,position,team_id) VALUES ('','','',,'',5);
-- INSERT INTO footballer (first_name,last_name,country,age,position,team_id) VALUES ('','','',,'',5);
-- INSERT INTO footballer (first_name,last_name,country,age,position,team_id) VALUES ('','','',,'',5);
-- INSERT INTO footballer (first_name,last_name,country,age,position,team_id) VALUES ('','','',,'',5);
-- INSERT INTO footballer (first_name,last_name,country,age,position,team_id) VALUES ('','','',,'',5);
-- INSERT INTO footballer (first_name,last_name,country,age,position,team_id) VALUES ('','','',,'',5);
-- INSERT INTO footballer (first_name,last_name,country,age,position,team_id) VALUES ('','','',,'',5);
-- INSERT INTO footballer (first_name,last_name,country,age,position,team_id) VALUES ('','','',,'',5);
-- INSERT INTO footballer (first_name,last_name,country,age,position,team_id) VALUES ('','','',,'',5);
-- INSERT INTO footballer (first_name,last_name,country,age,position,team_id) VALUES ('','','',,'',5);
-- INSERT INTO footballer (first_name,last_name,country,age,position,team_id) VALUES ('','','',,'',5);
-- INSERT INTO footballer (first_name,last_name,country,age,position,team_id) VALUES ('','','',,'',5);
-- INSERT INTO footballer (first_name,last_name,country,age,position,team_id) VALUES ('','','',,'',5);
-- INSERT INTO footballer (first_name,last_name,country,age,position,team_id) VALUES ('','','',,'',5);
-- INSERT INTO footballer (first_name,last_name,country,age,position,team_id) VALUES ('','','',,'',5);
-- INSERT INTO footballer (first_name,last_name,country,age,position,team_id) VALUES ('','','',,'',5);
-- INSERT INTO footballer (first_name,last_name,country,age,position,team_id) VALUES ('','','',,'',5);
-- INSERT INTO footballer (first_name,last_name,country,age,position,team_id) VALUES ('','','',,'',5);
-- INSERT INTO footballer (first_name,last_name,country,age,position,team_id) VALUES ('','','',,'',5);
-- INSERT INTO footballer (first_name,last_name,country,age,position,team_id) VALUES ('','','',,'',5);
-- INSERT INTO footballer (first_name,last_name,country,age,position,team_id) VALUES ('','','',,'',5);
-- INSERT INTO footballer (first_name,last_name,country,age,position,team_id) VALUES ('','','',,'',5);
--
-- INSERT INTO footballer (first_name,last_name,country,age,position,team_id) VALUES ('','','',,'',6);
-- INSERT INTO footballer (first_name,last_name,country,age,position,team_id) VALUES ('','','',,'',6);
-- INSERT INTO footballer (first_name,last_name,country,age,position,team_id) VALUES ('','','',,'',6);
-- INSERT INTO footballer (first_name,last_name,country,age,position,team_id) VALUES ('','','',,'',6);
-- INSERT INTO footballer (first_name,last_name,country,age,position,team_id) VALUES ('','','',,'',6);
-- INSERT INTO footballer (first_name,last_name,country,age,position,team_id) VALUES ('','','',,'',6);
-- INSERT INTO footballer (first_name,last_name,country,age,position,team_id) VALUES ('','','',,'',6);
-- INSERT INTO footballer (first_name,last_name,country,age,position,team_id) VALUES ('','','',,'',6);
-- INSERT INTO footballer (first_name,last_name,country,age,position,team_id) VALUES ('','','',,'',6);
-- INSERT INTO footballer (first_name,last_name,country,age,position,team_id) VALUES ('','','',,'',6);
-- INSERT INTO footballer (first_name,last_name,country,age,position,team_id) VALUES ('','','',,'',6);
-- INSERT INTO footballer (first_name,last_name,country,age,position,team_id) VALUES ('','','',,'',6);
-- INSERT INTO footballer (first_name,last_name,country,age,position,team_id) VALUES ('','','',,'',6);
-- INSERT INTO footballer (first_name,last_name,country,age,position,team_id) VALUES ('','','',,'',6);
-- INSERT INTO footballer (first_name,last_name,country,age,position,team_id) VALUES ('','','',,'',6);
-- INSERT INTO footballer (first_name,last_name,country,age,position,team_id) VALUES ('','','',,'',6);
-- INSERT INTO footballer (first_name,last_name,country,age,position,team_id) VALUES ('','','',,'',6);
-- INSERT INTO footballer (first_name,last_name,country,age,position,team_id) VALUES ('','','',,'',6);
-- INSERT INTO footballer (first_name,last_name,country,age,position,team_id) VALUES ('','','',,'',6);
-- INSERT INTO footballer (first_name,last_name,country,age,position,team_id) VALUES ('','','',,'',6);
-- INSERT INTO footballer (first_name,last_name,country,age,position,team_id) VALUES ('','','',,'',6);
-- INSERT INTO footballer (first_name,last_name,country,age,position,team_id) VALUES ('','','',,'',6);
-- INSERT INTO footballer (first_name,last_name,country,age,position,team_id) VALUES ('','','',,'',6);
-- INSERT INTO footballer (first_name,last_name,country,age,position,team_id) VALUES ('','','',,'',6);
-- INSERT INTO footballer (first_name,last_name,country,age,position,team_id) VALUES ('','','',,'',6);
-- INSERT INTO footballer (first_name,last_name,country,age,position,team_id) VALUES ('','','',,'',6);
-- INSERT INTO footballer (first_name,last_name,country,age,position,team_id) VALUES ('','','',,'',6);
-- INSERT INTO footballer (first_name,last_name,country,age,position,team_id) VALUES ('','','',,'',6);
-- INSERT INTO footballer (first_name,last_name,country,age,position,team_id) VALUES ('','','',,'',6);
-- INSERT INTO footballer (first_name,last_name,country,age,position,team_id) VALUES ('','','',,'',6);
-- INSERT INTO footballer (first_name,last_name,country,age,position,team_id) VALUES ('','','',,'',6);
-- INSERT INTO footballer (first_name,last_name,country,age,position,team_id) VALUES ('','','',,'',6);
-- INSERT INTO footballer (first_name,last_name,country,age,position,team_id) VALUES ('','','',,'',6);
-- INSERT INTO footballer (first_name,last_name,country,age,position,team_id) VALUES ('','','',,'',6);
-- INSERT INTO footballer (first_name,last_name,country,age,position,team_id) VALUES ('','','',,'',6);
--
-- INSERT INTO footballer (first_name,last_name,country,age,position,team_id) VALUES ('','','',,'',7);
-- INSERT INTO footballer (first_name,last_name,country,age,position,team_id) VALUES ('','','',,'',7);
-- INSERT INTO footballer (first_name,last_name,country,age,position,team_id) VALUES ('','','',,'',7);
-- INSERT INTO footballer (first_name,last_name,country,age,position,team_id) VALUES ('','','',,'',7);
-- INSERT INTO footballer (first_name,last_name,country,age,position,team_id) VALUES ('','','',,'',7);
-- INSERT INTO footballer (first_name,last_name,country,age,position,team_id) VALUES ('','','',,'',7);
-- INSERT INTO footballer (first_name,last_name,country,age,position,team_id) VALUES ('','','',,'',7);
-- INSERT INTO footballer (first_name,last_name,country,age,position,team_id) VALUES ('','','',,'',7);
-- INSERT INTO footballer (first_name,last_name,country,age,position,team_id) VALUES ('','','',,'',7);
-- INSERT INTO footballer (first_name,last_name,country,age,position,team_id) VALUES ('','','',,'',7);
-- INSERT INTO footballer (first_name,last_name,country,age,position,team_id) VALUES ('','','',,'',7);
-- INSERT INTO footballer (first_name,last_name,country,age,position,team_id) VALUES ('','','',,'',7);
-- INSERT INTO footballer (first_name,last_name,country,age,position,team_id) VALUES ('','','',,'',7);
-- INSERT INTO footballer (first_name,last_name,country,age,position,team_id) VALUES ('','','',,'',7);
-- INSERT INTO footballer (first_name,last_name,country,age,position,team_id) VALUES ('','','',,'',7);
-- INSERT INTO footballer (first_name,last_name,country,age,position,team_id) VALUES ('','','',,'',7);
-- INSERT INTO footballer (first_name,last_name,country,age,position,team_id) VALUES ('','','',,'',7);
-- INSERT INTO footballer (first_name,last_name,country,age,position,team_id) VALUES ('','','',,'',7);
-- INSERT INTO footballer (first_name,last_name,country,age,position,team_id) VALUES ('','','',,'',7);
-- INSERT INTO footballer (first_name,last_name,country,age,position,team_id) VALUES ('','','',,'',7);
-- INSERT INTO footballer (first_name,last_name,country,age,position,team_id) VALUES ('','','',,'',7);
-- INSERT INTO footballer (first_name,last_name,country,age,position,team_id) VALUES ('','','',,'',7);
-- INSERT INTO footballer (first_name,last_name,country,age,position,team_id) VALUES ('','','',,'',7);
-- INSERT INTO footballer (first_name,last_name,country,age,position,team_id) VALUES ('','','',,'',7);
-- INSERT INTO footballer (first_name,last_name,country,age,position,team_id) VALUES ('','','',,'',7);
-- INSERT INTO footballer (first_name,last_name,country,age,position,team_id) VALUES ('','','',,'',7);
-- INSERT INTO footballer (first_name,last_name,country,age,position,team_id) VALUES ('','','',,'',7);
-- INSERT INTO footballer (first_name,last_name,country,age,position,team_id) VALUES ('','','',,'',7);
-- INSERT INTO footballer (first_name,last_name,country,age,position,team_id) VALUES ('','','',,'',7);
-- INSERT INTO footballer (first_name,last_name,country,age,position,team_id) VALUES ('','','',,'',7);
-- INSERT INTO footballer (first_name,last_name,country,age,position,team_id) VALUES ('','','',,'',7);
-- INSERT INTO footballer (first_name,last_name,country,age,position,team_id) VALUES ('','','',,'',7);
-- INSERT INTO footballer (first_name,last_name,country,age,position,team_id) VALUES ('','','',,'',7);
-- INSERT INTO footballer (first_name,last_name,country,age,position,team_id) VALUES ('','','',,'',7);
-- INSERT INTO footballer (first_name,last_name,country,age,position,team_id) VALUES ('','','',,'',7);
--
-- INSERT INTO footballer (first_name,last_name,country,age,position,team_id) VALUES ('','','',,'',8);
-- INSERT INTO footballer (first_name,last_name,country,age,position,team_id) VALUES ('','','',,'',8);
-- INSERT INTO footballer (first_name,last_name,country,age,position,team_id) VALUES ('','','',,'',8);
-- INSERT INTO footballer (first_name,last_name,country,age,position,team_id) VALUES ('','','',,'',8);
-- INSERT INTO footballer (first_name,last_name,country,age,position,team_id) VALUES ('','','',,'',8);
-- INSERT INTO footballer (first_name,last_name,country,age,position,team_id) VALUES ('','','',,'',8);
-- INSERT INTO footballer (first_name,last_name,country,age,position,team_id) VALUES ('','','',,'',8);
-- INSERT INTO footballer (first_name,last_name,country,age,position,team_id) VALUES ('','','',,'',8);
-- INSERT INTO footballer (first_name,last_name,country,age,position,team_id) VALUES ('','','',,'',8);
-- INSERT INTO footballer (first_name,last_name,country,age,position,team_id) VALUES ('','','',,'',8);
-- INSERT INTO footballer (first_name,last_name,country,age,position,team_id) VALUES ('','','',,'',8);
-- INSERT INTO footballer (first_name,last_name,country,age,position,team_id) VALUES ('','','',,'',8);
-- INSERT INTO footballer (first_name,last_name,country,age,position,team_id) VALUES ('','','',,'',8);
-- INSERT INTO footballer (first_name,last_name,country,age,position,team_id) VALUES ('','','',,'',8);
-- INSERT INTO footballer (first_name,last_name,country,age,position,team_id) VALUES ('','','',,'',8);
-- INSERT INTO footballer (first_name,last_name,country,age,position,team_id) VALUES ('','','',,'',8);
-- INSERT INTO footballer (first_name,last_name,country,age,position,team_id) VALUES ('','','',,'',8);
-- INSERT INTO footballer (first_name,last_name,country,age,position,team_id) VALUES ('','','',,'',8);
-- INSERT INTO footballer (first_name,last_name,country,age,position,team_id) VALUES ('','','',,'',8);
-- INSERT INTO footballer (first_name,last_name,country,age,position,team_id) VALUES ('','','',,'',8);
-- INSERT INTO footballer (first_name,last_name,country,age,position,team_id) VALUES ('','','',,'',8);
-- INSERT INTO footballer (first_name,last_name,country,age,position,team_id) VALUES ('','','',,'',8);
-- INSERT INTO footballer (first_name,last_name,country,age,position,team_id) VALUES ('','','',,'',8);
-- INSERT INTO footballer (first_name,last_name,country,age,position,team_id) VALUES ('','','',,'',8);
-- INSERT INTO footballer (first_name,last_name,country,age,position,team_id) VALUES ('','','',,'',8);
-- INSERT INTO footballer (first_name,last_name,country,age,position,team_id) VALUES ('','','',,'',8);
-- INSERT INTO footballer (first_name,last_name,country,age,position,team_id) VALUES ('','','',,'',8);
-- INSERT INTO footballer (first_name,last_name,country,age,position,team_id) VALUES ('','','',,'',8);
-- INSERT INTO footballer (first_name,last_name,country,age,position,team_id) VALUES ('','','',,'',8);
-- INSERT INTO footballer (first_name,last_name,country,age,position,team_id) VALUES ('','','',,'',8);
-- INSERT INTO footballer (first_name,last_name,country,age,position,team_id) VALUES ('','','',,'',8);
-- INSERT INTO footballer (first_name,last_name,country,age,position,team_id) VALUES ('','','',,'',8);
-- INSERT INTO footballer (first_name,last_name,country,age,position,team_id) VALUES ('','','',,'',8);
-- INSERT INTO footballer (first_name,last_name,country,age,position,team_id) VALUES ('','','',,'',8);
-- INSERT INTO footballer (first_name,last_name,country,age,position,team_id) VALUES ('','','',,'',8);
--
-- INSERT INTO footballer (first_name,last_name,country,age,position,team_id) VALUES ('','','',,'',9);
-- INSERT INTO footballer (first_name,last_name,country,age,position,team_id) VALUES ('','','',,'',9);
-- INSERT INTO footballer (first_name,last_name,country,age,position,team_id) VALUES ('','','',,'',9);
-- INSERT INTO footballer (first_name,last_name,country,age,position,team_id) VALUES ('','','',,'',9);
-- INSERT INTO footballer (first_name,last_name,country,age,position,team_id) VALUES ('','','',,'',9);
-- INSERT INTO footballer (first_name,last_name,country,age,position,team_id) VALUES ('','','',,'',9);
-- INSERT INTO footballer (first_name,last_name,country,age,position,team_id) VALUES ('','','',,'',9);
-- INSERT INTO footballer (first_name,last_name,country,age,position,team_id) VALUES ('','','',,'',9);
-- INSERT INTO footballer (first_name,last_name,country,age,position,team_id) VALUES ('','','',,'',9);
-- INSERT INTO footballer (first_name,last_name,country,age,position,team_id) VALUES ('','','',,'',9);
-- INSERT INTO footballer (first_name,last_name,country,age,position,team_id) VALUES ('','','',,'',9);
-- INSERT INTO footballer (first_name,last_name,country,age,position,team_id) VALUES ('','','',,'',9);
-- INSERT INTO footballer (first_name,last_name,country,age,position,team_id) VALUES ('','','',,'',9);
-- INSERT INTO footballer (first_name,last_name,country,age,position,team_id) VALUES ('','','',,'',9);
-- INSERT INTO footballer (first_name,last_name,country,age,position,team_id) VALUES ('','','',,'',9);
-- INSERT INTO footballer (first_name,last_name,country,age,position,team_id) VALUES ('','','',,'',9);
-- INSERT INTO footballer (first_name,last_name,country,age,position,team_id) VALUES ('','','',,'',9);
-- INSERT INTO footballer (first_name,last_name,country,age,position,team_id) VALUES ('','','',,'',9);
-- INSERT INTO footballer (first_name,last_name,country,age,position,team_id) VALUES ('','','',,'',9);
-- INSERT INTO footballer (first_name,last_name,country,age,position,team_id) VALUES ('','','',,'',9);
-- INSERT INTO footballer (first_name,last_name,country,age,position,team_id) VALUES ('','','',,'',9);
-- INSERT INTO footballer (first_name,last_name,country,age,position,team_id) VALUES ('','','',,'',9);
-- INSERT INTO footballer (first_name,last_name,country,age,position,team_id) VALUES ('','','',,'',9);
-- INSERT INTO footballer (first_name,last_name,country,age,position,team_id) VALUES ('','','',,'',9);
-- INSERT INTO footballer (first_name,last_name,country,age,position,team_id) VALUES ('','','',,'',9);
-- INSERT INTO footballer (first_name,last_name,country,age,position,team_id) VALUES ('','','',,'',9);
-- INSERT INTO footballer (first_name,last_name,country,age,position,team_id) VALUES ('','','',,'',9);
-- INSERT INTO footballer (first_name,last_name,country,age,position,team_id) VALUES ('','','',,'',9);
-- INSERT INTO footballer (first_name,last_name,country,age,position,team_id) VALUES ('','','',,'',9);
-- INSERT INTO footballer (first_name,last_name,country,age,position,team_id) VALUES ('','','',,'',9);
-- INSERT INTO footballer (first_name,last_name,country,age,position,team_id) VALUES ('','','',,'',9);
-- INSERT INTO footballer (first_name,last_name,country,age,position,team_id) VALUES ('','','',,'',9);
-- INSERT INTO footballer (first_name,last_name,country,age,position,team_id) VALUES ('','','',,'',9);
-- INSERT INTO footballer (first_name,last_name,country,age,position,team_id) VALUES ('','','',,'',9);
-- INSERT INTO footballer (first_name,last_name,country,age,position,team_id) VALUES ('','','',,'',9);
--
-- INSERT INTO footballer (first_name,last_name,country,age,position,team_id) VALUES ('','','',,'',10);
-- INSERT INTO footballer (first_name,last_name,country,age,position,team_id) VALUES ('','','',,'',10);
-- INSERT INTO footballer (first_name,last_name,country,age,position,team_id) VALUES ('','','',,'',10);
-- INSERT INTO footballer (first_name,last_name,country,age,position,team_id) VALUES ('','','',,'',10);
-- INSERT INTO footballer (first_name,last_name,country,age,position,team_id) VALUES ('','','',,'',10);
-- INSERT INTO footballer (first_name,last_name,country,age,position,team_id) VALUES ('','','',,'',10);
-- INSERT INTO footballer (first_name,last_name,country,age,position,team_id) VALUES ('','','',,'',10);
-- INSERT INTO footballer (first_name,last_name,country,age,position,team_id) VALUES ('','','',,'',10);
-- INSERT INTO footballer (first_name,last_name,country,age,position,team_id) VALUES ('','','',,'',10);
-- INSERT INTO footballer (first_name,last_name,country,age,position,team_id) VALUES ('','','',,'',10);
-- INSERT INTO footballer (first_name,last_name,country,age,position,team_id) VALUES ('','','',,'',10);
-- INSERT INTO footballer (first_name,last_name,country,age,position,team_id) VALUES ('','','',,'',10);
-- INSERT INTO footballer (first_name,last_name,country,age,position,team_id) VALUES ('','','',,'',10);
-- INSERT INTO footballer (first_name,last_name,country,age,position,team_id) VALUES ('','','',,'',10);
-- INSERT INTO footballer (first_name,last_name,country,age,position,team_id) VALUES ('','','',,'',10);
-- INSERT INTO footballer (first_name,last_name,country,age,position,team_id) VALUES ('','','',,'',10);
-- INSERT INTO footballer (first_name,last_name,country,age,position,team_id) VALUES ('','','',,'',10);
-- INSERT INTO footballer (first_name,last_name,country,age,position,team_id) VALUES ('','','',,'',10);
-- INSERT INTO footballer (first_name,last_name,country,age,position,team_id) VALUES ('','','',,'',10);
-- INSERT INTO footballer (first_name,last_name,country,age,position,team_id) VALUES ('','','',,'',10);
-- INSERT INTO footballer (first_name,last_name,country,age,position,team_id) VALUES ('','','',,'',10);
-- INSERT INTO footballer (first_name,last_name,country,age,position,team_id) VALUES ('','','',,'',10);
-- INSERT INTO footballer (first_name,last_name,country,age,position,team_id) VALUES ('','','',,'',10);
-- INSERT INTO footballer (first_name,last_name,country,age,position,team_id) VALUES ('','','',,'',10);
-- INSERT INTO footballer (first_name,last_name,country,age,position,team_id) VALUES ('','','',,'',10);
-- INSERT INTO footballer (first_name,last_name,country,age,position,team_id) VALUES ('','','',,'',10);
-- INSERT INTO footballer (first_name,last_name,country,age,position,team_id) VALUES ('','','',,'',10);
-- INSERT INTO footballer (first_name,last_name,country,age,position,team_id) VALUES ('','','',,'',10);
-- INSERT INTO footballer (first_name,last_name,country,age,position,team_id) VALUES ('','','',,'',10);
-- INSERT INTO footballer (first_name,last_name,country,age,position,team_id) VALUES ('','','',,'',10);
-- INSERT INTO footballer (first_name,last_name,country,age,position,team_id) VALUES ('','','',,'',10);
-- INSERT INTO footballer (first_name,last_name,country,age,position,team_id) VALUES ('','','',,'',10);
-- INSERT INTO footballer (first_name,last_name,country,age,position,team_id) VALUES ('','','',,'',10);
-- INSERT INTO footballer (first_name,last_name,country,age,position,team_id) VALUES ('','','',,'',10);
-- INSERT INTO footballer (first_name,last_name,country,age,position,team_id) VALUES ('','','',,'',10);
--
-- INSERT INTO footballer (first_name,last_name,country,age,position,team_id) VALUES ('','','',,'',11);
-- INSERT INTO footballer (first_name,last_name,country,age,position,team_id) VALUES ('','','',,'',11);
-- INSERT INTO footballer (first_name,last_name,country,age,position,team_id) VALUES ('','','',,'',11);
-- INSERT INTO footballer (first_name,last_name,country,age,position,team_id) VALUES ('','','',,'',11);
-- INSERT INTO footballer (first_name,last_name,country,age,position,team_id) VALUES ('','','',,'',11);
-- INSERT INTO footballer (first_name,last_name,country,age,position,team_id) VALUES ('','','',,'',11);
-- INSERT INTO footballer (first_name,last_name,country,age,position,team_id) VALUES ('','','',,'',11);
-- INSERT INTO footballer (first_name,last_name,country,age,position,team_id) VALUES ('','','',,'',11);
-- INSERT INTO footballer (first_name,last_name,country,age,position,team_id) VALUES ('','','',,'',11);
-- INSERT INTO footballer (first_name,last_name,country,age,position,team_id) VALUES ('','','',,'',11);
-- INSERT INTO footballer (first_name,last_name,country,age,position,team_id) VALUES ('','','',,'',11);
-- INSERT INTO footballer (first_name,last_name,country,age,position,team_id) VALUES ('','','',,'',11);
-- INSERT INTO footballer (first_name,last_name,country,age,position,team_id) VALUES ('','','',,'',11);
-- INSERT INTO footballer (first_name,last_name,country,age,position,team_id) VALUES ('','','',,'',11);
-- INSERT INTO footballer (first_name,last_name,country,age,position,team_id) VALUES ('','','',,'',11);
-- INSERT INTO footballer (first_name,last_name,country,age,position,team_id) VALUES ('','','',,'',11);
-- INSERT INTO footballer (first_name,last_name,country,age,position,team_id) VALUES ('','','',,'',11);
-- INSERT INTO footballer (first_name,last_name,country,age,position,team_id) VALUES ('','','',,'',11);
-- INSERT INTO footballer (first_name,last_name,country,age,position,team_id) VALUES ('','','',,'',11);
-- INSERT INTO footballer (first_name,last_name,country,age,position,team_id) VALUES ('','','',,'',11);
-- INSERT INTO footballer (first_name,last_name,country,age,position,team_id) VALUES ('','','',,'',11);
-- INSERT INTO footballer (first_name,last_name,country,age,position,team_id) VALUES ('','','',,'',11);
-- INSERT INTO footballer (first_name,last_name,country,age,position,team_id) VALUES ('','','',,'',11);
-- INSERT INTO footballer (first_name,last_name,country,age,position,team_id) VALUES ('','','',,'',11);
-- INSERT INTO footballer (first_name,last_name,country,age,position,team_id) VALUES ('','','',,'',11);
-- INSERT INTO footballer (first_name,last_name,country,age,position,team_id) VALUES ('','','',,'',11);
-- INSERT INTO footballer (first_name,last_name,country,age,position,team_id) VALUES ('','','',,'',11);
-- INSERT INTO footballer (first_name,last_name,country,age,position,team_id) VALUES ('','','',,'',11);
-- INSERT INTO footballer (first_name,last_name,country,age,position,team_id) VALUES ('','','',,'',11);
-- INSERT INTO footballer (first_name,last_name,country,age,position,team_id) VALUES ('','','',,'',11);
-- INSERT INTO footballer (first_name,last_name,country,age,position,team_id) VALUES ('','','',,'',11);
-- INSERT INTO footballer (first_name,last_name,country,age,position,team_id) VALUES ('','','',,'',11);
-- INSERT INTO footballer (first_name,last_name,country,age,position,team_id) VALUES ('','','',,'',11);
-- INSERT INTO footballer (first_name,last_name,country,age,position,team_id) VALUES ('','','',,'',11);
-- INSERT INTO footballer (first_name,last_name,country,age,position,team_id) VALUES ('','','',,'',11);
--
-- INSERT INTO footballer (first_name,last_name,country,age,position,team_id) VALUES ('','','',,'',12);
-- INSERT INTO footballer (first_name,last_name,country,age,position,team_id) VALUES ('','','',,'',12);
-- INSERT INTO footballer (first_name,last_name,country,age,position,team_id) VALUES ('','','',,'',12);
-- INSERT INTO footballer (first_name,last_name,country,age,position,team_id) VALUES ('','','',,'',12);
-- INSERT INTO footballer (first_name,last_name,country,age,position,team_id) VALUES ('','','',,'',12);
-- INSERT INTO footballer (first_name,last_name,country,age,position,team_id) VALUES ('','','',,'',12);
-- INSERT INTO footballer (first_name,last_name,country,age,position,team_id) VALUES ('','','',,'',12);
-- INSERT INTO footballer (first_name,last_name,country,age,position,team_id) VALUES ('','','',,'',12);
-- INSERT INTO footballer (first_name,last_name,country,age,position,team_id) VALUES ('','','',,'',12);
-- INSERT INTO footballer (first_name,last_name,country,age,position,team_id) VALUES ('','','',,'',12);
-- INSERT INTO footballer (first_name,last_name,country,age,position,team_id) VALUES ('','','',,'',12);
-- INSERT INTO footballer (first_name,last_name,country,age,position,team_id) VALUES ('','','',,'',12);
-- INSERT INTO footballer (first_name,last_name,country,age,position,team_id) VALUES ('','','',,'',12);
-- INSERT INTO footballer (first_name,last_name,country,age,position,team_id) VALUES ('','','',,'',12);
-- INSERT INTO footballer (first_name,last_name,country,age,position,team_id) VALUES ('','','',,'',12);
-- INSERT INTO footballer (first_name,last_name,country,age,position,team_id) VALUES ('','','',,'',12);
-- INSERT INTO footballer (first_name,last_name,country,age,position,team_id) VALUES ('','','',,'',12);
-- INSERT INTO footballer (first_name,last_name,country,age,position,team_id) VALUES ('','','',,'',12);
-- INSERT INTO footballer (first_name,last_name,country,age,position,team_id) VALUES ('','','',,'',12)
-- INSERT INTO footballer (first_name,last_name,country,age,position,team_id) VALUES ('','','',,'',12);
-- INSERT INTO footballer (first_name,last_name,country,age,position,team_id) VALUES ('','','',,'',12);
-- INSERT INTO footballer (first_name,last_name,country,age,position,team_id) VALUES ('','','',,'',12);
-- INSERT INTO footballer (first_name,last_name,country,age,position,team_id) VALUES ('','','',,'',12);
-- INSERT INTO footballer (first_name,last_name,country,age,position,team_id) VALUES ('','','',,'',12);
-- INSERT INTO footballer (first_name,last_name,country,age,position,team_id) VALUES ('','','',,'',12);
-- INSERT INTO footballer (first_name,last_name,country,age,position,team_id) VALUES ('','','',,'',12);
-- INSERT INTO footballer (first_name,last_name,country,age,position,team_id) VALUES ('','','',,'',12);
-- INSERT INTO footballer (first_name,last_name,country,age,position,team_id) VALUES ('','','',,'',12);
-- INSERT INTO footballer (first_name,last_name,country,age,position,team_id) VALUES ('','','',,'',12);
-- INSERT INTO footballer (first_name,last_name,country,age,position,team_id) VALUES ('','','',,'',12);
-- INSERT INTO footballer (first_name,last_name,country,age,position,team_id) VALUES ('','','',,'',12);
-- INSERT INTO footballer (first_name,last_name,country,age,position,team_id) VALUES ('','','',,'',12);
-- INSERT INTO footballer (first_name,last_name,country,age,position,team_id) VALUES ('','','',,'',12);
-- INSERT INTO footballer (first_name,last_name,country,age,position,team_id) VALUES ('','','',,'',12);
-- INSERT INTO footballer (first_name,last_name,country,age,position,team_id) VALUES ('','','',,'',12);
--
-- INSERT INTO footballer (first_name,last_name,country,age,position,team_id) VALUES ('','','',,'',13);
-- INSERT INTO footballer (first_name,last_name,country,age,position,team_id) VALUES ('','','',,'',13);
-- INSERT INTO footballer (first_name,last_name,country,age,position,team_id) VALUES ('','','',,'',13);
-- INSERT INTO footballer (first_name,last_name,country,age,position,team_id) VALUES ('','','',,'',13);
-- INSERT INTO footballer (first_name,last_name,country,age,position,team_id) VALUES ('','','',,'',13);
-- INSERT INTO footballer (first_name,last_name,country,age,position,team_id) VALUES ('','','',,'',13);
-- INSERT INTO footballer (first_name,last_name,country,age,position,team_id) VALUES ('','','',,'',13);
-- INSERT INTO footballer (first_name,last_name,country,age,position,team_id) VALUES ('','','',,'',13);
-- INSERT INTO footballer (first_name,last_name,country,age,position,team_id) VALUES ('','','',,'',13);
-- INSERT INTO footballer (first_name,last_name,country,age,position,team_id) VALUES ('','','',,'',13);
-- INSERT INTO footballer (first_name,last_name,country,age,position,team_id) VALUES ('','','',,'',13);
-- INSERT INTO footballer (first_name,last_name,country,age,position,team_id) VALUES ('','','',,'',13);
-- INSERT INTO footballer (first_name,last_name,country,age,position,team_id) VALUES ('','','',,'',13);
-- INSERT INTO footballer (first_name,last_name,country,age,position,team_id) VALUES ('','','',,'',13);
-- INSERT INTO footballer (first_name,last_name,country,age,position,team_id) VALUES ('','','',,'',13);
-- INSERT INTO footballer (first_name,last_name,country,age,position,team_id) VALUES ('','','',,'',13);
-- INSERT INTO footballer (first_name,last_name,country,age,position,team_id) VALUES ('','','',,'',13);
-- INSERT INTO footballer (first_name,last_name,country,age,position,team_id) VALUES ('','','',,'',13);
-- INSERT INTO footballer (first_name,last_name,country,age,position,team_id) VALUES ('','','',,'',13);
-- INSERT INTO footballer (first_name,last_name,country,age,position,team_id) VALUES ('','','',,'',13);
-- INSERT INTO footballer (first_name,last_name,country,age,position,team_id) VALUES ('','','',,'',13);
-- INSERT INTO footballer (first_name,last_name,country,age,position,team_id) VALUES ('','','',,'',13);
-- INSERT INTO footballer (first_name,last_name,country,age,position,team_id) VALUES ('','','',,'',13);
-- INSERT INTO footballer (first_name,last_name,country,age,position,team_id) VALUES ('','','',,'',13);
-- INSERT INTO footballer (first_name,last_name,country,age,position,team_id) VALUES ('','','',,'',13);
-- INSERT INTO footballer (first_name,last_name,country,age,position,team_id) VALUES ('','','',,'',13);
-- INSERT INTO footballer (first_name,last_name,country,age,position,team_id) VALUES ('','','',,'',13);
-- INSERT INTO footballer (first_name,last_name,country,age,position,team_id) VALUES ('','','',,'',13);
-- INSERT INTO footballer (first_name,last_name,country,age,position,team_id) VALUES ('','','',,'',13);
-- INSERT INTO footballer (first_name,last_name,country,age,position,team_id) VALUES ('','','',,'',13);
-- INSERT INTO footballer (first_name,last_name,country,age,position,team_id) VALUES ('','','',,'',13);
-- INSERT INTO footballer (first_name,last_name,country,age,position,team_id) VALUES ('','','',,'',13);
-- INSERT INTO footballer (first_name,last_name,country,age,position,team_id) VALUES ('','','',,'',13);
-- INSERT INTO footballer (first_name,last_name,country,age,position,team_id) VALUES ('','','',,'',13);
-- INSERT INTO footballer (first_name,last_name,country,age,position,team_id) VALUES ('','','',,'',13);
--
-- INSERT INTO footballer (first_name,last_name,country,age,position,team_id) VALUES ('','','',,'',14);
-- INSERT INTO footballer (first_name,last_name,country,age,position,team_id) VALUES ('','','',,'',14);
-- INSERT INTO footballer (first_name,last_name,country,age,position,team_id) VALUES ('','','',,'',14);
-- INSERT INTO footballer (first_name,last_name,country,age,position,team_id) VALUES ('','','',,'',14);
-- INSERT INTO footballer (first_name,last_name,country,age,position,team_id) VALUES ('','','',,'',14);
-- INSERT INTO footballer (first_name,last_name,country,age,position,team_id) VALUES ('','','',,'',14);
-- INSERT INTO footballer (first_name,last_name,country,age,position,team_id) VALUES ('','','',,'',14);
-- INSERT INTO footballer (first_name,last_name,country,age,position,team_id) VALUES ('','','',,'',14);
-- INSERT INTO footballer (first_name,last_name,country,age,position,team_id) VALUES ('','','',,'',14);
-- INSERT INTO footballer (first_name,last_name,country,age,position,team_id) VALUES ('','','',,'',14);
-- INSERT INTO footballer (first_name,last_name,country,age,position,team_id) VALUES ('','','',,'',14);
-- INSERT INTO footballer (first_name,last_name,country,age,position,team_id) VALUES ('','','',,'',14);
-- INSERT INTO footballer (first_name,last_name,country,age,position,team_id) VALUES ('','','',,'',14);
-- INSERT INTO footballer (first_name,last_name,country,age,position,team_id) VALUES ('','','',,'',14);
-- INSERT INTO footballer (first_name,last_name,country,age,position,team_id) VALUES ('','','',,'',14);
-- INSERT INTO footballer (first_name,last_name,country,age,position,team_id) VALUES ('','','',,'',14);
-- INSERT INTO footballer (first_name,last_name,country,age,position,team_id) VALUES ('','','',,'',14);
-- INSERT INTO footballer (first_name,last_name,country,age,position,team_id) VALUES ('','','',,'',14);
-- INSERT INTO footballer (first_name,last_name,country,age,position,team_id) VALUES ('','','',,'',14);
-- INSERT INTO footballer (first_name,last_name,country,age,position,team_id) VALUES ('','','',,'',14);
-- INSERT INTO footballer (first_name,last_name,country,age,position,team_id) VALUES ('','','',,'',14);
-- INSERT INTO footballer (first_name,last_name,country,age,position,team_id) VALUES ('','','',,'',14);
-- INSERT INTO footballer (first_name,last_name,country,age,position,team_id) VALUES ('','','',,'',14);
-- INSERT INTO footballer (first_name,last_name,country,age,position,team_id) VALUES ('','','',,'',14);
-- INSERT INTO footballer (first_name,last_name,country,age,position,team_id) VALUES ('','','',,'',14);
-- INSERT INTO footballer (first_name,last_name,country,age,position,team_id) VALUES ('','','',,'',14);
-- INSERT INTO footballer (first_name,last_name,country,age,position,team_id) VALUES ('','','',,'',14);
-- INSERT INTO footballer (first_name,last_name,country,age,position,team_id) VALUES ('','','',,'',14);
-- INSERT INTO footballer (first_name,last_name,country,age,position,team_id) VALUES ('','','',,'',14);
-- INSERT INTO footballer (first_name,last_name,country,age,position,team_id) VALUES ('','','',,'',14);
-- INSERT INTO footballer (first_name,last_name,country,age,position,team_id) VALUES ('','','',,'',14);
-- INSERT INTO footballer (first_name,last_name,country,age,position,team_id) VALUES ('','','',,'',14);
-- INSERT INTO footballer (first_name,last_name,country,age,position,team_id) VALUES ('','','',,'',14);
-- INSERT INTO footballer (first_name,last_name,country,age,position,team_id) VALUES ('','','',,'',14);
-- INSERT INTO footballer (first_name,last_name,country,age,position,team_id) VALUES ('','','',,'',14);
--
-- INSERT INTO footballer (first_name,last_name,country,age,position,team_id) VALUES ('','','',,'',16);
-- INSERT INTO footballer (first_name,last_name,country,age,position,team_id) VALUES ('','','',,'',16);
-- INSERT INTO footballer (first_name,last_name,country,age,position,team_id) VALUES ('','','',,'',16);
-- INSERT INTO footballer (first_name,last_name,country,age,position,team_id) VALUES ('','','',,'',16);
-- INSERT INTO footballer (first_name,last_name,country,age,position,team_id) VALUES ('','','',,'',16);
-- INSERT INTO footballer (first_name,last_name,country,age,position,team_id) VALUES ('','','',,'',16);
-- INSERT INTO footballer (first_name,last_name,country,age,position,team_id) VALUES ('','','',,'',16);
-- INSERT INTO footballer (first_name,last_name,country,age,position,team_id) VALUES ('','','',,'',16);
-- INSERT INTO footballer (first_name,last_name,country,age,position,team_id) VALUES ('','','',,'',16);
-- INSERT INTO footballer (first_name,last_name,country,age,position,team_id) VALUES ('','','',,'',16);
-- INSERT INTO footballer (first_name,last_name,country,age,position,team_id) VALUES ('','','',,'',16);
-- INSERT INTO footballer (first_name,last_name,country,age,position,team_id) VALUES ('','','',,'',16);
-- INSERT INTO footballer (first_name,last_name,country,age,position,team_id) VALUES ('','','',,'',16);
-- INSERT INTO footballer (first_name,last_name,country,age,position,team_id) VALUES ('','','',,'',16);
-- INSERT INTO footballer (first_name,last_name,country,age,position,team_id) VALUES ('','','',,'',16);
-- INSERT INTO footballer (first_name,last_name,country,age,position,team_id) VALUES ('','','',,'',16);
-- INSERT INTO footballer (first_name,last_name,country,age,position,team_id) VALUES ('','','',,'',16);
-- INSERT INTO footballer (first_name,last_name,country,age,position,team_id) VALUES ('','','',,'',16);
-- INSERT INTO footballer (first_name,last_name,country,age,position,team_id) VALUES ('','','',,'',16);
-- INSERT INTO footballer (first_name,last_name,country,age,position,team_id) VALUES ('','','',,'',16);
-- INSERT INTO footballer (first_name,last_name,country,age,position,team_id) VALUES ('','','',,'',16);
-- INSERT INTO footballer (first_name,last_name,country,age,position,team_id) VALUES ('','','',,'',16);
-- INSERT INTO footballer (first_name,last_name,country,age,position,team_id) VALUES ('','','',,'',16);
-- INSERT INTO footballer (first_name,last_name,country,age,position,team_id) VALUES ('','','',,'',16);
-- INSERT INTO footballer (first_name,last_name,country,age,position,team_id) VALUES ('','','',,'',16);
-- INSERT INTO footballer (first_name,last_name,country,age,position,team_id) VALUES ('','','',,'',16);
-- INSERT INTO footballer (first_name,last_name,country,age,position,team_id) VALUES ('','','',,'',16);
-- INSERT INTO footballer (first_name,last_name,country,age,position,team_id) VALUES ('','','',,'',16);
-- INSERT INTO footballer (first_name,last_name,country,age,position,team_id) VALUES ('','','',,'',16);
-- INSERT INTO footballer (first_name,last_name,country,age,position,team_id) VALUES ('','','',,'',16);
-- INSERT INTO footballer (first_name,last_name,country,age,position,team_id) VALUES ('','','',,'',16);
-- INSERT INTO footballer (first_name,last_name,country,age,position,team_id) VALUES ('','','',,'',16);
-- INSERT INTO footballer (first_name,last_name,country,age,position,team_id) VALUES ('','','',,'',16);
-- INSERT INTO footballer (first_name,last_name,country,age,position,team_id) VALUES ('','','',,'',16);
-- INSERT INTO footballer (first_name,last_name,country,age,position,team_id) VALUES ('','','',,'',16);
--
-- INSERT INTO footballer (first_name,last_name,country,age,position,team_id) VALUES ('','','',,'',17);
-- INSERT INTO footballer (first_name,last_name,country,age,position,team_id) VALUES ('','','',,'',17);
-- INSERT INTO footballer (first_name,last_name,country,age,position,team_id) VALUES ('','','',,'',17);
-- INSERT INTO footballer (first_name,last_name,country,age,position,team_id) VALUES ('','','',,'',17);
-- INSERT INTO footballer (first_name,last_name,country,age,position,team_id) VALUES ('','','',,'',17);
-- INSERT INTO footballer (first_name,last_name,country,age,position,team_id) VALUES ('','','',,'',17);
-- INSERT INTO footballer (first_name,last_name,country,age,position,team_id) VALUES ('','','',,'',17);
-- INSERT INTO footballer (first_name,last_name,country,age,position,team_id) VALUES ('','','',,'',17);
-- INSERT INTO footballer (first_name,last_name,country,age,position,team_id) VALUES ('','','',,'',17);
-- INSERT INTO footballer (first_name,last_name,country,age,position,team_id) VALUES ('','','',,'',17);
-- INSERT INTO footballer (first_name,last_name,country,age,position,team_id) VALUES ('','','',,'',17);
-- INSERT INTO footballer (first_name,last_name,country,age,position,team_id) VALUES ('','','',,'',17);
-- INSERT INTO footballer (first_name,last_name,country,age,position,team_id) VALUES ('','','',,'',17);
-- INSERT INTO footballer (first_name,last_name,country,age,position,team_id) VALUES ('','','',,'',17);
-- INSERT INTO footballer (first_name,last_name,country,age,position,team_id) VALUES ('','','',,'',17);
-- INSERT INTO footballer (first_name,last_name,country,age,position,team_id) VALUES ('','','',,'',17);
-- INSERT INTO footballer (first_name,last_name,country,age,position,team_id) VALUES ('','','',,'',17);
-- INSERT INTO footballer (first_name,last_name,country,age,position,team_id) VALUES ('','','',,'',17);
-- INSERT INTO footballer (first_name,last_name,country,age,position,team_id) VALUES ('','','',,'',17);
-- INSERT INTO footballer (first_name,last_name,country,age,position,team_id) VALUES ('','','',,'',17);
-- INSERT INTO footballer (first_name,last_name,country,age,position,team_id) VALUES ('','','',,'',17);
-- INSERT INTO footballer (first_name,last_name,country,age,position,team_id) VALUES ('','','',,'',17);
-- INSERT INTO footballer (first_name,last_name,country,age,position,team_id) VALUES ('','','',,'',17);
-- INSERT INTO footballer (first_name,last_name,country,age,position,team_id) VALUES ('','','',,'',17);
-- INSERT INTO footballer (first_name,last_name,country,age,position,team_id) VALUES ('','','',,'',17);
-- INSERT INTO footballer (first_name,last_name,country,age,position,team_id) VALUES ('','','',,'',17);
-- INSERT INTO footballer (first_name,last_name,country,age,position,team_id) VALUES ('','','',,'',17);
-- INSERT INTO footballer (first_name,last_name,country,age,position,team_id) VALUES ('','','',,'',17);
-- INSERT INTO footballer (first_name,last_name,country,age,position,team_id) VALUES ('','','',,'',17);
-- INSERT INTO footballer (first_name,last_name,country,age,position,team_id) VALUES ('','','',,'',17);
-- INSERT INTO footballer (first_name,last_name,country,age,position,team_id) VALUES ('','','',,'',17);
-- INSERT INTO footballer (first_name,last_name,country,age,position,team_id) VALUES ('','','',,'',17);
-- INSERT INTO footballer (first_name,last_name,country,age,position,team_id) VALUES ('','','',,'',17);
-- INSERT INTO footballer (first_name,last_name,country,age,position,team_id) VALUES ('','','',,'',17);
-- INSERT INTO footballer (first_name,last_name,country,age,position,team_id) VALUES ('','','',,'',17);
--
-- INSERT INTO footballer (first_name,last_name,country,age,position,team_id) VALUES ('','','',,'',18);
-- INSERT INTO footballer (first_name,last_name,country,age,position,team_id) VALUES ('','','',,'',18);
-- INSERT INTO footballer (first_name,last_name,country,age,position,team_id) VALUES ('','','',,'',18);
-- INSERT INTO footballer (first_name,last_name,country,age,position,team_id) VALUES ('','','',,'',18);
-- INSERT INTO footballer (first_name,last_name,country,age,position,team_id) VALUES ('','','',,'',18);
-- INSERT INTO footballer (first_name,last_name,country,age,position,team_id) VALUES ('','','',,'',18);
-- INSERT INTO footballer (first_name,last_name,country,age,position,team_id) VALUES ('','','',,'',18);
-- INSERT INTO footballer (first_name,last_name,country,age,position,team_id) VALUES ('','','',,'',18);
-- INSERT INTO footballer (first_name,last_name,country,age,position,team_id) VALUES ('','','',,'',18);
-- INSERT INTO footballer (first_name,last_name,country,age,position,team_id) VALUES ('','','',,'',18);
-- INSERT INTO footballer (first_name,last_name,country,age,position,team_id) VALUES ('','','',,'',18);
-- INSERT INTO footballer (first_name,last_name,country,age,position,team_id) VALUES ('','','',,'',18);
-- INSERT INTO footballer (first_name,last_name,country,age,position,team_id) VALUES ('','','',,'',18);
-- INSERT INTO footballer (first_name,last_name,country,age,position,team_id) VALUES ('','','',,'',18);
-- INSERT INTO footballer (first_name,last_name,country,age,position,team_id) VALUES ('','','',,'',18);
-- INSERT INTO footballer (first_name,last_name,country,age,position,team_id) VALUES ('','','',,'',18);
-- INSERT INTO footballer (first_name,last_name,country,age,position,team_id) VALUES ('','','',,'',18);
-- INSERT INTO footballer (first_name,last_name,country,age,position,team_id) VALUES ('','','',,'',18);
-- INSERT INTO footballer (first_name,last_name,country,age,position,team_id) VALUES ('','','',,'',18);
-- INSERT INTO footballer (first_name,last_name,country,age,position,team_id) VALUES ('','','',,'',18);
-- INSERT INTO footballer (first_name,last_name,country,age,position,team_id) VALUES ('','','',,'',18);
-- INSERT INTO footballer (first_name,last_name,country,age,position,team_id) VALUES ('','','',,'',18);
-- INSERT INTO footballer (first_name,last_name,country,age,position,team_id) VALUES ('','','',,'',18);
-- INSERT INTO footballer (first_name,last_name,country,age,position,team_id) VALUES ('','','',,'',18);
-- INSERT INTO footballer (first_name,last_name,country,age,position,team_id) VALUES ('','','',,'',18);
-- INSERT INTO footballer (first_name,last_name,country,age,position,team_id) VALUES ('','','',,'',18);
-- INSERT INTO footballer (first_name,last_name,country,age,position,team_id) VALUES ('','','',,'',18);
-- INSERT INTO footballer (first_name,last_name,country,age,position,team_id) VALUES ('','','',,'',18);
-- INSERT INTO footballer (first_name,last_name,country,age,position,team_id) VALUES ('','','',,'',18);
-- INSERT INTO footballer (first_name,last_name,country,age,position,team_id) VALUES ('','','',,'',18);
-- INSERT INTO footballer (first_name,last_name,country,age,position,team_id) VALUES ('','','',,'',18);
-- INSERT INTO footballer (first_name,last_name,country,age,position,team_id) VALUES ('','','',,'',18);
-- INSERT INTO footballer (first_name,last_name,country,age,position,team_id) VALUES ('','','',,'',18);
-- INSERT INTO footballer (first_name,last_name,country,age,position,team_id) VALUES ('','','',,'',18);
-- INSERT INTO footballer (first_name,last_name,country,age,position,team_id) VALUES ('','','',,'',18);
--
-- INSERT INTO footballer (first_name,last_name,country,age,position,team_id) VALUES ('','','',,'',19);
-- INSERT INTO footballer (first_name,last_name,country,age,position,team_id) VALUES ('','','',,'',19);
-- INSERT INTO footballer (first_name,last_name,country,age,position,team_id) VALUES ('','','',,'',19);
-- INSERT INTO footballer (first_name,last_name,country,age,position,team_id) VALUES ('','','',,'',19);
-- INSERT INTO footballer (first_name,last_name,country,age,position,team_id) VALUES ('','','',,'',19);
-- INSERT INTO footballer (first_name,last_name,country,age,position,team_id) VALUES ('','','',,'',19);
-- INSERT INTO footballer (first_name,last_name,country,age,position,team_id) VALUES ('','','',,'',19);
-- INSERT INTO footballer (first_name,last_name,country,age,position,team_id) VALUES ('','','',,'',19);
-- INSERT INTO footballer (first_name,last_name,country,age,position,team_id) VALUES ('','','',,'',19);
-- INSERT INTO footballer (first_name,last_name,country,age,position,team_id) VALUES ('','','',,'',19);
-- INSERT INTO footballer (first_name,last_name,country,age,position,team_id) VALUES ('','','',,'',19);
-- INSERT INTO footballer (first_name,last_name,country,age,position,team_id) VALUES ('','','',,'',19);
-- INSERT INTO footballer (first_name,last_name,country,age,position,team_id) VALUES ('','','',,'',19);
-- INSERT INTO footballer (first_name,last_name,country,age,position,team_id) VALUES ('','','',,'',19);
-- INSERT INTO footballer (first_name,last_name,country,age,position,team_id) VALUES ('','','',,'',19);
-- INSERT INTO footballer (first_name,last_name,country,age,position,team_id) VALUES ('','','',,'',19);
-- INSERT INTO footballer (first_name,last_name,country,age,position,team_id) VALUES ('','','',,'',19);
-- INSERT INTO footballer (first_name,last_name,country,age,position,team_id) VALUES ('','','',,'',19);
-- INSERT INTO footballer (first_name,last_name,country,age,position,team_id) VALUES ('','','',,'',19);
-- INSERT INTO footballer (first_name,last_name,country,age,position,team_id) VALUES ('','','',,'',19);
-- INSERT INTO footballer (first_name,last_name,country,age,position,team_id) VALUES ('','','',,'',19);
-- INSERT INTO footballer (first_name,last_name,country,age,position,team_id) VALUES ('','','',,'',19);
-- INSERT INTO footballer (first_name,last_name,country,age,position,team_id) VALUES ('','','',,'',19);
-- INSERT INTO footballer (first_name,last_name,country,age,position,team_id) VALUES ('','','',,'',19);
-- INSERT INTO footballer (first_name,last_name,country,age,position,team_id) VALUES ('','','',,'',19);
-- INSERT INTO footballer (first_name,last_name,country,age,position,team_id) VALUES ('','','',,'',19);
-- INSERT INTO footballer (first_name,last_name,country,age,position,team_id) VALUES ('','','',,'',19);
-- INSERT INTO footballer (first_name,last_name,country,age,position,team_id) VALUES ('','','',,'',19);
-- INSERT INTO footballer (first_name,last_name,country,age,position,team_id) VALUES ('','','',,'',19);
-- INSERT INTO footballer (first_name,last_name,country,age,position,team_id) VALUES ('','','',,'',19);
-- INSERT INTO footballer (first_name,last_name,country,age,position,team_id) VALUES ('','','',,'',19);
-- INSERT INTO footballer (first_name,last_name,country,age,position,team_id) VALUES ('','','',,'',19);
-- INSERT INTO footballer (first_name,last_name,country,age,position,team_id) VALUES ('','','',,'',19);
-- INSERT INTO footballer (first_name,last_name,country,age,position,team_id) VALUES ('','','',,'',19);
-- INSERT INTO footballer (first_name,last_name,country,age,position,team_id) VALUES ('','','',,'',19);
--
-- INSERT INTO footballer (first_name,last_name,country,age,position,team_id) VALUES ('','','',,'',20);
-- INSERT INTO footballer (first_name,last_name,country,age,position,team_id) VALUES ('','','',,'',20);
-- INSERT INTO footballer (first_name,last_name,country,age,position,team_id) VALUES ('','','',,'',20);
-- INSERT INTO footballer (first_name,last_name,country,age,position,team_id) VALUES ('','','',,'',20);
-- INSERT INTO footballer (first_name,last_name,country,age,position,team_id) VALUES ('','','',,'',20);
-- INSERT INTO footballer (first_name,last_name,country,age,position,team_id) VALUES ('','','',,'',20);
-- INSERT INTO footballer (first_name,last_name,country,age,position,team_id) VALUES ('','','',,'',20);
-- INSERT INTO footballer (first_name,last_name,country,age,position,team_id) VALUES ('','','',,'',20);
-- INSERT INTO footballer (first_name,last_name,country,age,position,team_id) VALUES ('','','',,'',20);
-- INSERT INTO footballer (first_name,last_name,country,age,position,team_id) VALUES ('','','',,'',20);
-- INSERT INTO footballer (first_name,last_name,country,age,position,team_id) VALUES ('','','',,'',20);
-- INSERT INTO footballer (first_name,last_name,country,age,position,team_id) VALUES ('','','',,'',20);
-- INSERT INTO footballer (first_name,last_name,country,age,position,team_id) VALUES ('','','',,'',20);
-- INSERT INTO footballer (first_name,last_name,country,age,position,team_id) VALUES ('','','',,'',20);
-- INSERT INTO footballer (first_name,last_name,country,age,position,team_id) VALUES ('','','',,'',20);
-- INSERT INTO footballer (first_name,last_name,country,age,position,team_id) VALUES ('','','',,'',20);
-- INSERT INTO footballer (first_name,last_name,country,age,position,team_id) VALUES ('','','',,'',20);
-- INSERT INTO footballer (first_name,last_name,country,age,position,team_id) VALUES ('','','',,'',20);
-- INSERT INTO footballer (first_name,last_name,country,age,position,team_id) VALUES ('','','',,'',20);
-- INSERT INTO footballer (first_name,last_name,country,age,position,team_id) VALUES ('','','',,'',20);
-- INSERT INTO footballer (first_name,last_name,country,age,position,team_id) VALUES ('','','',,'',20);
-- INSERT INTO footballer (first_name,last_name,country,age,position,team_id) VALUES ('','','',,'',20);
-- INSERT INTO footballer (first_name,last_name,country,age,position,team_id) VALUES ('','','',,'',20);
-- INSERT INTO footballer (first_name,last_name,country,age,position,team_id) VALUES ('','','',,'',20);
-- INSERT INTO footballer (first_name,last_name,country,age,position,team_id) VALUES ('','','',,'',20);
-- INSERT INTO footballer (first_name,last_name,country,age,position,team_id) VALUES ('','','',,'',20);
-- INSERT INTO footballer (first_name,last_name,country,age,position,team_id) VALUES ('','','',,'',20);
-- INSERT INTO footballer (first_name,last_name,country,age,position,team_id) VALUES ('','','',,'',20);
-- INSERT INTO footballer (first_name,last_name,country,age,position,team_id) VALUES ('','','',,'',20);
-- INSERT INTO footballer (first_name,last_name,country,age,position,team_id) VALUES ('','','',,'',20);
-- INSERT INTO footballer (first_name,last_name,country,age,position,team_id) VALUES ('','','',,'',20);
-- INSERT INTO footballer (first_name,last_name,country,age,position,team_id) VALUES ('','','',,'',20);
-- INSERT INTO footballer (first_name,last_name,country,age,position,team_id) VALUES ('','','',,'',20);
-- INSERT INTO footballer (first_name,last_name,country,age,position,team_id) VALUES ('','','',,'',20);
-- INSERT INTO footballer (first_name,last_name,country,age,position,team_id) VALUES ('','','',,'',20);
